encoding_order,encoding,encoding_label,depth,n_seeds,variational_parameter_count,encoding_parameter_count,total_parameter_count,train_rmse_original_mean,train_rmse_original_std,val_rmse_original_mean,val_rmse_original_std,test_rmse_original_mean,test_rmse_original_std,test_mae_original_mean,test_mae_original_std,test_pearson_corr_mean,test_pearson_corr_std,test_spearman_corr_mean,test_spearman_corr_std,test_kge_mean,test_kge_std,test_nse_mean,test_nse_std,test_bias_mean,test_bias_std,test_pred_std_over_true_std_mean,test_pred_std_over_true_std_std,test_fft_spectral_cosine_similarity_mean,test_fft_spectral_cosine_similarity_std,test_abs_12_step_band_error_mean,test_abs_12_step_band_error_std,test_signed_12_step_band_error_mean,test_signed_12_step_band_error_std,test_12_step_power_ratio_mean,test_12_step_power_ratio_std,test_abs_short_period_2_to_6_error_mean,test_abs_short_period_2_to_6_error_std,test_signed_short_period_2_to_6_error_mean,test_signed_short_period_2_to_6_error_std,test_short_period_2_to_6_power_ratio_mean,test_short_period_2_to_6_power_ratio_std,elapsed_time_min_mean,elapsed_time_min_std,max_rss_gb_python_mean,max_rss_gb_python_std
1,ry,Standard Ry,1,5,42,0,57,56.118790935583185,0.49309602615192655,62.20657710650919,1.2131926970851745,62.74589847105425,1.1475723777845317,51.12349172401922,1.2064950554360734,0.39047165564310027,0.03656341993834464,0.4051959361393324,0.04266312973615055,0.16330329091578222,0.037235928976633935,0.15125400045120382,0.030953654830641164,-0.21773053261249312,1.5841718345820692,0.4272444392791764,0.017714517557826295,0.9365947952728323,0.00696399126604939,0.01571455753848936,0.006478856487690301,-0.0015660365789743947,0.018643876782146112,0.9961277697499529,0.04609942361707488,0.05758433195806249,0.02739415420863185,0.05758433195806258,0.027394154208631852,1.1785660790005479,0.0849478762406108,33.52223126729329,2.0202836826957657,0.8297622680664063,0.019451761806278552
1,ry,Standard Ry,2,5,84,0,99,50.628611874282676,5.244932391124446,60.55759119802004,2.599618269240789,64.27470538961481,1.7241783871371206,54.29125029204231,1.0525759972142832,0.36346637653828306,0.04452599042829797,0.39876840140991077,0.04996591380199529,0.18424049064012507,0.06793678247977869,0.10911636016124526,0.047992698814172244,-2.009237940655548,3.728525811102021,0.4944525503993895,0.07728586148247923,0.8859715039666731,0.07197486037099994,0.10402192913232344,0.09053838367516061,-0.10402192913232353,0.09053838367516055,0.742792176081721,0.22386799437783245,0.07418722470025281,0.053044922053127865,0.06620722351938836,0.06491685901094454,1.2053052263240636,0.2013038717382001,61.13733047644297,4.557079204201187,1.3256538391113282,0.04218101353982763
1,ry,Standard Ry,3,5,126,0,141,46.41122865297913,11.400585782472122,60.83837076826738,3.903267862919919,68.3823086032311,4.5597399071505835,57.514277279100995,2.965641113111323,0.2809024312544728,0.0838888453057703,0.2979141613103876,0.13612836621750765,0.10730723776912476,0.1806670196252454,-0.011394093112714863,0.13579676511406838,-0.9025441690551205,2.2294687202120644,0.500707777325293,0.25086041795949887,0.6098995047265907,0.1537369628536029,0.2279904818113022,0.07305861297221337,-0.22799048181130224,0.07305861297221339,0.4362637167960088,0.1806469752850566,0.23436798457234848,0.044758494232055114,0.2343679845723486,0.044758494232055114,1.7267631771576994,0.13879380979547326,88.96568186203639,4.962967912875848,1.8156219482421876,0.015142430248898291
1,ry,Standard Ry,4,5,168,0,183,48.00901781378491,4.541712235957385,58.364545032023116,1.7135422586545697,66.83365427518179,2.9182063132845477,56.699840046218334,2.15741402256963,0.3080763400032795,0.04265618964369701,0.3281691893012647,0.051998646478959874,0.1535030154798617,0.032558498250885484,0.03585320999458992,0.08432887351313675,1.4028200437904086,1.7458394132688377,0.5213265136725032,0.09663373000725824,0.8876647202280958,0.049238840693987616,0.111867785432558,0.06149621258520631,-0.11186778543255811,0.06149621258520627,0.7233922702869361,0.1520574281807062,0.07735411473086647,0.10069824522738927,0.07451459481094459,0.10334011502955397,1.2310659613694097,0.32045243066693907,119.95684391578038,4.074282412659581,2.3250946044921874,0.008385838509163367
1,ry,Standard Ry,5,5,210,0,225,47.955660382164936,5.6927654010308135,62.58167299608205,1.2009339569864093,66.93123386718187,1.7654363470720678,56.50739924611814,1.0064214357551962,0.2774062843092959,0.05531742553503466,0.2794795770267468,0.04592829650522052,0.10219329560469848,0.08608736264242402,0.03397097490268074,0.051570048869005,2.936174846890767,1.4791520462358978,0.47172799010273864,0.09307418392574036,0.5857636162995162,0.06952740928701334,0.29119025295720685,0.018597903055654626,-0.2911902529572069,0.018597903055654667,0.2799940172801191,0.0459857475658142,0.2777033137629547,0.022407325525993046,0.2777033137629548,0.022407325525993046,1.8611438246817538,0.06948397461621073,147.451692896684,7.349614330833644,2.8079269409179686,0.007840376624529279
1,ry,Standard Ry,6,5,252,0,267,54.874490939944586,10.407405403548681,66.80780149534397,3.1767102124506326,67.6898751853823,0.9745770913224651,58.624756210334205,1.8616692936997112,0.09530927248780008,0.163251702364241,0.08941115488285298,0.13903313251426738,-0.218341258873399,0.24023601445709641,0.01233355975216508,0.028218468784544714,2.370022657065746,3.0900657128968883,0.18774268872849773,0.1910356234548855,0.3792922883139953,0.1981145670613172,0.33415533377237805,0.06012079152808728,-0.33415533377237805,0.060120791528087275,0.17375723592908718,0.14865651973742078,0.3399583137140293,0.07870417708092298,0.33995831371402935,0.07870417708092298,2.0541934071191905,0.24405764249449596,178.21587488969166,12.462732339151646,3.10714111328125,0.468915426812146
2,same_scalar_rxryrz,Same-scalar RxRyRz,1,5,42,0,57,57.438860631728176,2.0548658430541926,60.66701789866319,1.902989320999577,63.91352708249385,0.7872974800716791,53.677303807946046,1.096395568043579,0.3536506046165075,0.0322849805422832,0.3705100559817541,0.03280198072078614,0.11987361672619481,0.03801406239779522,0.11950044467154272,0.021749161829685067,-3.648825336958905,1.5118384936193727,0.4045840871067128,0.027862955019013348,0.7986637138731363,0.048415148501948176,0.14920514565504328,0.04812202299031595,-0.14920514565504334,0.04812202299031594,0.6310707641027735,0.11898799531144677,0.10859951978417645,0.06546216344389862,-0.10859951978417652,0.06546216344389864,0.6632384231994607,0.20299483299698734,43.22758062839508,0.6819232734173309,0.846942138671875,0.02262359181443269
2,same_scalar_rxryrz,Same-scalar RxRyRz,2,5,84,0,99,54.28772488716093,3.984087867359346,64.81697666349906,1.640121091005206,67.59449655198692,2.858742727680788,57.474764786114314,1.9157001929484743,0.2450734182911396,0.07349010728386268,0.27445573294629894,0.09092429719538149,0.03006567783321502,0.06465997662964212,0.01386918386516486,0.08365202785776331,-1.236386316719717,2.159611961395396,0.4022995478419741,0.12211430162701835,0.5511581020189907,0.13246777023046424,0.24883411135736844,0.03833863924885138,-0.2488341113573685,0.038338639248851385,0.3847251167832877,0.09479729952557484,0.18524630590808064,0.1300718636099763,0.18524630590808072,0.13007186360997633,1.5744393547785278,0.40334622080955707,78.42720515330633,4.0162478187085195,1.5353103637695313,0.01899542869286029
2,same_scalar_rxryrz,Same-scalar RxRyRz,3,5,126,0,141,48.3795439622506,8.830741346138094,59.86481491728222,4.867503393716298,69.7525250195159,4.201584821873319,57.927078739706495,3.152288829352186,0.2160137804947809,0.051000066384222824,0.23350818992328426,0.06939898245592883,0.05371354387734606,0.10249333903823142,-0.05164583583138371,0.13136723247908658,-2.284378937788264,2.9151243815011907,0.4874184209484606,0.16878693276194764,0.6743604066939417,0.0967250603357764,0.23159229368831027,0.028398311584204035,-0.2315922936883103,0.028398311584204108,0.42735776587993035,0.0702185393642799,0.14268399547275828,0.030461938297622206,0.1426839954727584,0.030461938297622206,1.442455799022864,0.09446091837141522,112.10933662494024,3.635042554789715,2.2627662658691405,0.007601913837278954
2,same_scalar_rxryrz,Same-scalar RxRyRz,4,5,168,0,183,52.53813725025683,7.140714545733264,64.06988446307143,3.0737998129158113,66.09274545683427,3.9711278415163416,55.54820499072012,2.5236919767881485,0.2767404759603346,0.12158602977309331,0.3029027576197387,0.0999680666417441,0.0300991977256091,0.14370152671265907,0.05582844380894085,0.11329654866402636,0.3985809892142216,2.803361441495565,0.3644483825165007,0.14792006464965649,0.7259900197382952,0.16725206476169088,0.19379851254914013,0.11085829385892011,-0.1937985125491402,0.11085829385892008,0.5208078324719853,0.2741116297744733,0.13604359491537094,0.07544515181968374,0.13604359491537102,0.07544515181968374,1.4218642552781302,0.2339515712338786,158.1530589675903,5.8732661299308955,2.9888687133789062,0.008420916348818409
2,same_scalar_rxryrz,Same-scalar RxRyRz,5,5,210,0,225,55.55180514995175,8.07679120100841,66.81536527191489,1.6169130828357248,65.50243126748998,1.5948443898480575,55.31781663069809,2.336808065368422,0.2848007931280635,0.09180648162235736,0.2864503421107195,0.06883359979673642,-0.035675231342167005,0.1665562807721161,0.07485115028635939,0.04543893806697994,-0.27522773661850364,2.885925534197994,0.2552734903155574,0.16217175293274916,0.6560581471821464,0.24451215605626647,0.2244245524827019,0.07766471295345755,-0.224424552482702,0.07766471295345752,0.44508094341837723,0.19203615988111203,0.14252781909472567,0.134352789838381,0.12770395012370556,0.15184868310503194,1.3960034417535487,0.4708750283533653,205.57265895922978,8.05860026803967,3.7020133972167977,0.016043426398775772
2,same_scalar_rxryrz,Same-scalar RxRyRz,6,5,252,0,267,56.784751105086016,14.038935833739876,68.37420167566847,0.7555279912582894,68.96840428037588,1.8491146134242864,59.69241910667802,0.943954045408318,0.027235826439409583,0.054140597651476746,0.021107194692100324,0.056981824794674084,-0.3224070776902314,0.1174161530549469,-0.02574849217601328,0.05595359486556327,-0.5210206549579353,1.7938586767203002,0.11164343680342559,0.16437234679012397,0.23156334714982635,0.07406849199989823,0.36170692980787994,0.01886362019937093,-0.36170692980788,0.018863620199370955,0.10563231149365974,0.0466427679545258,0.3225716810208934,0.07812345108529953,0.3225716810208935,0.07812345108529954,2.0002783451315462,0.2422568407748948,228.14497447013855,16.83916491469937,4.116146087646484,0.7046162638653946
3,seasonal_meridian,Fixed seasonal CDF,1,5,42,0,57,44.42433857735523,0.7204301732363158,47.67117688519259,0.7980363151860629,55.37092957585346,0.5772871240268812,45.38961728480697,0.7778479593026066,0.5867983473407021,0.009460503293273307,0.6190877047480822,0.011194160577809583,0.4498870160613578,0.02122466539309546,0.3391661991738412,0.01374783766633798,1.9119021153467108,2.207220662607935,0.6389493744251864,0.03171030703036206,0.9616819396190437,0.002376260222379028,0.2762803294933372,0.02317503353531697,0.2762803294933372,0.023175033535316948,1.6831392470140696,0.05730330128053524,0.15471758736729357,0.02478780135579109,-0.1547175873672936,0.024787801355791082,0.5202286457239321,0.07686570885934096,39.76715883413951,1.4801059108195243,0.8299514770507812,0.00841923840052096
3,seasonal_meridian,Fixed seasonal CDF,2,5,84,0,99,40.59290154986543,3.3803367988280013,53.2353900482975,1.2470561225408228,58.71591575192067,2.2501044985952254,49.03018449559012,1.9764046222553129,0.5228514581170373,0.05057254031500184,0.5563902135600248,0.0646995478534407,0.35638654495298655,0.0665008775722622,0.25610358499147245,0.057716409833785606,2.602034767071107,1.7500667822427347,0.5775522497901515,0.10221013184112271,0.9610142992791422,0.015148936814683829,0.15173365244671003,0.12725205702514875,0.13255857347026362,0.1516813876933039,1.3277684091075292,0.3750520681833474,0.10302782011626452,0.052141228681143,-0.07957092591479498,0.08984824462444278,0.7532546135397403,0.2786148280638769,68.23524130026499,3.435293677203226,1.4237136840820312,0.012964162086825241
3,seasonal_meridian,Fixed seasonal CDF,3,5,126,0,141,42.45358020435344,5.68221308899332,55.37314623306609,2.3450958481138473,58.91241806787504,1.2473584793875274,49.21561919424272,1.7094828777216837,0.5039977770944986,0.03285979718205509,0.5336678415923698,0.02774351482029736,0.29323515339260486,0.05729994430183803,0.251726645432086,0.03155077637454317,0.5186309703393189,1.7374762122112388,0.4982109098524788,0.062329703703201046,0.9571436923301864,0.006154695940128999,0.10855884518160455,0.07060608920403623,0.10855884518160461,0.07060608920403623,1.2684259421945812,0.17458278952362677,0.06538933117232032,0.03488858213580839,-0.041570504084686835,0.06634595270310449,0.8710919851968612,0.20573541845335971,98.80999764680863,1.4139662055753823,2.025731658935547,0.019479269953486186
3,seasonal_meridian,Fixed seasonal CDF,4,5,168,0,183,36.796660590646844,6.046168370091783,56.76309107914981,1.6589472309553697,60.680791918740965,2.2770850396561086,51.25690257829351,1.4944995160317391,0.47513958025870195,0.06439723352111767,0.49522289031722994,0.04333992022944068,0.2677383274369206,0.02038149343720661,0.20552120626304618,0.059451027369775075,3.850666593899023,3.5309513868485634,0.5013230038380342,0.08463188028001463,0.9505434604032793,0.02340355277553405,0.06162271164179334,0.04955351081174444,-0.004346900011109778,0.08472679178834737,0.9892517212286492,0.2094980733892795,0.054871997921171124,0.039560519807709964,-0.035318277178883646,0.06139608329264098,0.8904798222287134,0.1903861256485924,129.8533774272601,2.593309798512098,2.621875762939453,0.08043014461971938
3,seasonal_meridian,Fixed seasonal CDF,5,5,210,0,225,35.955627721862,6.146011053806089,60.17801504648603,1.9650065813621547,63.38840887905153,2.5659295841782948,53.74802419326352,2.228280110962097,0.3822333293810265,0.0639527179276115,0.39931163176446194,0.07408433487334899,0.17183445582996865,0.07540502295176116,0.13287943197556015,0.07040845754886851,-0.9280348207313865,3.968296116409506,0.45402343422456415,0.08366055781736392,0.8935437540696037,0.044462684424149655,0.1447520614321462,0.04365443568667557,-0.14475206143214625,0.043654435686675576,0.6420815972246932,0.10794130142565533,0.13468130492046573,0.07009348260836415,0.13468130492046576,0.07009348260836416,1.4176398634239524,0.21735631772170352,164.35690896193188,4.555996121846657,3.2849571228027346,0.012081579074748569
3,seasonal_meridian,Fixed seasonal CDF,6,5,252,0,267,35.005589604122726,6.144422427791582,61.3280863923455,1.8251013533590839,62.53801560901528,1.4291326985462527,52.54816873091695,1.5300879599498571,0.4094823017362271,0.049041830388276024,0.40615799295044575,0.04339625799156195,0.1482652921190537,0.046588242678504886,0.15674203889804328,0.038746960506055216,-0.11811684912067202,1.3350722057326758,0.39140498257316675,0.08639778132165268,0.8495867645875617,0.04616093329930014,0.14082881462525904,0.022684977747471326,-0.14082881462525912,0.02268497774747129,0.6517823380426234,0.056091574254880816,0.10156966529103348,0.07057941538767583,0.10156966529103358,0.07057941538767583,1.31496235624695,0.2188631705080259,196.39377381483715,5.400369159585754,3.9005447387695313,0.00828359319731006
4,learnable_seasonal_cdf,Learnable seasonal CDF,1,5,42,24,81,39.3667393520708,1.1153863693457953,46.72659727267616,2.1442753702578354,55.91171048033037,0.9327229325290377,45.38390833815746,0.611153169014932,0.5932409750036649,0.010835766810386449,0.6359672403068629,0.0036045583691663003,0.5157240806888452,0.011526067217233203,0.32610367132595475,0.02229184203503178,3.1520570741669784,1.6782615377363916,0.7417623333598001,0.030763785648840518,0.9620492939108306,0.0069736047824421376,0.26196260741024824,0.03987595517752767,0.2619626074102483,0.03987595517752767,1.6477368066711935,0.09859851421163156,0.11947093249388167,0.032434854244402865,-0.11947093249388167,0.03243485424440286,0.6295267263757038,0.10057883018587971,42.184954882462826,2.5136655341170075,1.1913116455078125,0.0187841789106409
4,learnable_seasonal_cdf,Learnable seasonal CDF,2,5,84,48,147,36.78574516634008,2.435671159921895,45.8453287383407,1.5011629414587426,52.81040570417084,2.5541895627505906,43.623573348282875,2.630661852447557,0.6340187177414209,0.04387488813531594,0.6749740825212523,0.03663197240264567,0.4777911371782146,0.051810607788623696,0.39779851112745523,0.057082595098103386,0.01992593804770184,3.6646798033492516,0.6318545143807659,0.054676081671199854,0.9663593858082177,0.005618762132478249,0.249804044255281,0.055028739245848134,0.24980404425528105,0.055028739245848106,1.6176731691560309,0.13606575452360914,0.11649246307273822,0.03286101741295307,-0.11649246307273822,0.032861017412953074,0.6387628082728414,0.10190034045499044,76.39849481741587,1.3985138372714556,1.9320846557617184,0.006153710082067209
4,learnable_seasonal_cdf,Learnable seasonal CDF,3,5,126,72,213,31.556150128541372,6.758910507582323,47.00189386175716,3.526246600683806,55.82447814882588,1.142775438236371,45.78422683542064,0.6994445282058427,0.5846392140232655,0.015548778818235775,0.6169624714907733,0.010137066192836917,0.46402127247225494,0.04492399239277526,0.3281291947221838,0.027493308777829607,0.6791596389344634,3.2583752574713873,0.6678896444418797,0.0763908669625479,0.9677652833756692,0.005450515041896332,0.19547028686620463,0.08924210766717132,0.19547028686620466,0.08924210766717133,1.4833258481640241,0.22066278241922463,0.08103773944490468,0.0606123675811933,-0.0810377394449047,0.060612367581193316,0.7487060995292383,0.18795586316423724,114.0950836666425,1.60376843452674,2.579438018798828,0.04291724437321788
4,learnable_seasonal_cdf,Learnable seasonal CDF,4,5,168,96,279,31.86133279844479,2.6377279263012676,46.463284031278214,1.13370391348597,54.31331304420585,1.5903945863361568,45.12747499324314,1.7072841783247166,0.6116614127236846,0.021108357373260712,0.6485755753680281,0.025570225617897863,0.48519228141588444,0.01519056343996705,0.3637888968302534,0.037463333414128934,2.941165805934078,4.752802096644798,0.6686601395391234,0.02892662125326009,0.9664797721679989,0.003893210232249146,0.24131819304620442,0.044354481829799286,0.24131819304620444,0.04435448182979927,1.596690792249673,0.10967225706757756,0.13760318399463448,0.01580929528522305,-0.1376031839946345,0.01580929528522306,0.5732995384611292,0.04902381906418686,151.83993478616077,1.0165206272372385,3.2937271118164064,0.08109253562005819
4,learnable_seasonal_cdf,Learnable seasonal CDF,5,5,210,120,345,31.473564778560096,2.3876938991177834,47.78293948511765,2.5072790808450347,55.47479072813978,1.6968376606182243,46.223684876768196,1.912725040653926,0.5837197080849623,0.03562805337058667,0.6231183910429193,0.04041891295442646,0.40182652559744864,0.05838828976679942,0.336246018567795,0.04073424434644142,-0.9387156338124077,4.056431815441088,0.5740594806925935,0.06041945928985152,0.9727999202240772,0.0020855503069528887,0.16671049009652655,0.05067197900069314,0.1667104900965266,0.050671979000693174,1.4122134894031035,0.12529309503404615,0.07256185818842517,0.03200374985362196,-0.0725618581884252,0.03200374985362195,0.7749893753888253,0.099241997438428,187.7315260664622,5.934867138625827,3.9972557067871093,0.0834524153701852
4,learnable_seasonal_cdf,Learnable seasonal CDF,6,5,252,144,411,31.12695839183177,2.103832282451232,47.93940367125841,2.935879438170749,55.70288709597173,1.7224408329304466,46.30641019000011,1.8019028420003527,0.5804325909948123,0.03809676088309019,0.6268795355587808,0.029945877635372868,0.4033749819597883,0.048132371272220406,0.3307654630971967,0.04147115790205023,-1.1839553372085834,3.5626358686464785,0.5803847812714148,0.0610971122189388,0.9716445119758508,0.00304185599145912,0.1419119446362275,0.07631682629224674,0.1419119446362275,0.07631682629224672,1.350895842562808,0.18870333383269786,0.07094338548863,0.05244389241828297,-0.07094338548863001,0.05244389241828297,0.7800081767562237,0.16262583793590707,227.3480590526263,11.108855483719925,4.644788360595703,0.07682800234251959
5,learnable_seasonal_cdf_rz,Learnable polar-azimuth seasonal CDF,1,5,42,36,93,39.39566090470496,0.5474311243576889,46.929414347276996,2.4976234796976504,55.430215351769405,1.329662387581822,45.03218693661175,0.49896871584489066,0.5992543807843737,0.019640146157223076,0.6352622848849264,0.017885074423747635,0.5154904029062137,0.014760555330692248,0.3375030780169618,0.031285204490113794,2.9566910754668294,2.4368503056139295,0.7323850197873073,0.027072369208412807,0.9620185274354321,0.0036196763684678444,0.2848323341798749,0.022375844130713758,0.2848323341798749,0.02237584413071375,1.7042851970450978,0.055327200958505504,0.1321925146915808,0.020909976824119388,-0.13219251469158083,0.020909976824119436,0.5900777482512255,0.06484077259409027,48.50072198311487,2.8783382623947764,1.1739356994628907,0.0549500470582726
5,learnable_seasonal_cdf_rz,Learnable polar-azimuth seasonal CDF,2,5,84,72,171,34.44909577706475,1.0518332312843406,45.46963906948118,2.0191375868396397,53.92398613236912,2.0953380227197083,44.05142100992627,2.1611664545071054,0.6124980473966064,0.03969380070872728,0.6518826456562306,0.032577611068995066,0.4730512170973335,0.0472565280379973,0.3725500285822131,0.049252865506331615,-1.1491767726881226,2.6028176730607715,0.6450661369286176,0.0380628925207637,0.9671357567762584,0.004337291951391274,0.21469840998437423,0.03951466536202439,0.21469840998437428,0.039514665362024394,1.5308698972554993,0.09770517789279408,0.09174675321654739,0.02670413406947387,-0.09174675321654743,0.026704134069473886,0.7154979935368344,0.0828081589513561,93.21209593772889,1.5103078286557357,1.787060546875,0.10539481164672738
5,learnable_seasonal_cdf_rz,Learnable polar-azimuth seasonal CDF,3,5,126,108,249,31.90584945252882,3.0661659741670593,46.92962759018515,2.3871762912064773,55.75913221851433,1.7902798460555336,46.04786480062073,0.9270662750309716,0.5863310590931525,0.02731056084465563,0.6199730458221024,0.0265500166248062,0.47481719927058574,0.040499697122045084,0.3293732290516913,0.04265666572631626,1.4288234822013974,3.677760991304853,0.6822789227972614,0.058464028659067406,0.9674982559813332,0.005510075426195551,0.18955194691078964,0.06619970194774531,0.18955194691078966,0.06619970194774533,1.468691978615186,0.16368742075873774,0.07686907492999842,0.04923978846954977,-0.07686907492999842,0.04923978846954977,0.7616329157617796,0.15269007486667246,135.19287570238114,5.540846660899076,2.3479682922363283,0.2605403750709468
5,learnable_seasonal_cdf_rz,Learnable polar-azimuth seasonal CDF,4,5,168,144,327,28.3391973678431,5.234794121966448,46.387758608891644,0.9895951117595374,56.022567069333924,1.3757439024128921,46.184234566154075,0.9014906512155952,0.5809025962781893,0.02647360322360797,0.6132593821273067,0.022656439102816426,0.46911554790412485,0.027133864532449172,0.32325300738437307,0.03312424862331942,2.8844696262298553,4.239203007069408,0.6790138415732196,0.013240442544661266,0.9666097527997384,0.004272932169231819,0.19585759484244644,0.06776845110832246,0.19585759484244644,0.06776845110832244,1.4842835177879803,0.16756635822155275,0.10104820883590462,0.040364735629213354,-0.10104820883590464,0.040364735629213326,0.6866546536478548,0.12516898826666267,177.73047658602394,8.429462804420746,3.259413146972656,0.18680122208421235
5,learnable_seasonal_cdf_rz,Learnable polar-azimuth seasonal CDF,5,5,210,180,405,28.328942326579533,6.676505128477219,47.45123050189878,1.8656924384697795,55.918192838924895,1.4347539819388033,46.26411147703502,1.5212552455926152,0.5775497764231836,0.029562489292297777,0.6261890939249428,0.03047741437696372,0.4060669982543329,0.028238315470356486,0.32574250900570517,0.034617902150506176,-0.5938052312518163,5.314103751949321,0.5885425109549568,0.048073132916584924,0.972208194336561,0.004148716328750406,0.14846179248882999,0.04583823002055087,0.14846179248882999,0.045838230020550895,1.36709119797696,0.11334101851594916,0.06978383677302175,0.0337402791364713,-0.06978383677302175,0.033740279136471304,0.7836038782346586,0.10462688625391123,220.8515516344706,8.295881929567514,3.8619415283203127,0.2589318984712453
5,learnable_seasonal_cdf_rz,Learnable polar-azimuth seasonal CDF,6,5,252,216,483,28.781706017388842,4.190642890650738,46.8800249865134,1.6085296653970709,56.45659514592056,1.2097985891405139,46.87124076373706,1.5313372069926263,0.5644026767569261,0.02714722967947395,0.5968712419655817,0.03388033651124423,0.4082760997122593,0.06934545483507262,0.3128054095824063,0.029487764456008123,0.23281938675563807,2.850689604590926,0.6033839945256598,0.08264358916481403,0.9708937222509351,0.0032746856259473368,0.11489260196442894,0.03150233957326755,0.11489260196442899,0.03150233957326754,1.2840869841780034,0.0778936545165171,0.05954557406898756,0.030792294006891898,-0.05954557406898756,0.030792294006891898,0.8153522091550969,0.09548533459148521,257.0423756217957,6.003502308829198,4.7002006530761715,0.12489068447671889
