comparison,candidate_encoding,depth,seed,rmse_improvement_vs_ry,mae_improvement_vs_ry,pearson_improvement_vs_ry,kge_improvement_vs_ry,fft_improvement_vs_ry
ry_vs_same_scalar_rxryrz,same_scalar_rxryrz,1,42,-0.6922780363764787,-1.9129734519812516,-0.016961550526180535,-0.03281646783351572,-0.13961208280572457
ry_vs_same_scalar_rxryrz,same_scalar_rxryrz,1,43,0.7490607595717336,-1.1378923860193595,0.028823463125343785,0.008654460519480184,-0.14866950882537833
ry_vs_same_scalar_rxryrz,same_scalar_rxryrz,1,44,-3.9670199151521643,-5.922472019296855,-0.1383109505382194,-0.1626068437813461,-0.1987895316400552
ry_vs_same_scalar_rxryrz,same_scalar_rxryrz,1,45,-1.6023584809293965,-2.609249162549659,-0.050047307705744004,-0.0254236673966972,-0.13905808116933893
ry_vs_same_scalar_rxryrz,same_scalar_rxryrz,1,46,-0.32554738431165475,-1.1864733997869976,-0.007608909488163618,-0.004955852455858306,-0.06352620255798325
ry_vs_same_scalar_rxryrz,same_scalar_rxryrz,2,42,0.9401238142563955,-1.7409869414999974,-0.08304471084171011,-0.27465502883403237,-0.29408702985656676
ry_vs_same_scalar_rxryrz,same_scalar_rxryrz,2,43,-5.0458258890150915,-3.279328199613097,-0.09906991418293709,-0.004346781272200603,-0.18762350960311147
ry_vs_same_scalar_rxryrz,same_scalar_rxryrz,2,44,-8.271111482623418,-5.645782363608134,-0.26668429482934286,-0.2425804447885814,-0.5528674288078854
ry_vs_same_scalar_rxryrz,same_scalar_rxryrz,2,45,-2.4433142848854743,-2.628152828333711,-0.06593911445920181,-0.0371088639923117,-0.40667437927209005
ry_vs_same_scalar_rxryrz,same_scalar_rxryrz,2,46,-1.7788279695931024,-2.623322137305138,-0.0772267569225254,-0.212182945147424,-0.23281466219875846
ry_vs_same_scalar_rxryrz,same_scalar_rxryrz,3,42,-3.236501076645439,-3.4085496110388576,-0.12670556748616707,-0.1609226835447976,-0.0429880849347698
ry_vs_same_scalar_rxryrz,same_scalar_rxryrz,3,43,6.270953931593539,5.194197127148101,-0.05174586410019219,-0.23108154480912702,0.019835855770355515
ry_vs_same_scalar_rxryrz,same_scalar_rxryrz,3,44,-13.372081822216629,-8.366615932619624,-0.1826987103251768,0.0390647802260642,0.057228637994457654
ry_vs_same_scalar_rxryrz,same_scalar_rxryrz,3,45,-0.2642537058215737,1.747603980682456,0.012027126840921804,0.12173554970926538,0.37875659234470943
ry_vs_same_scalar_rxryrz,same_scalar_rxryrz,3,46,3.750800591666078,2.7693571328004722,0.024679761272154876,-0.03676457104029851,-0.09052849133799745
ry_vs_same_scalar_rxryrz,same_scalar_rxryrz,4,42,2.3175416828318447,0.8418928506545598,-0.1047121786549143,-0.3245965270169344,-0.4307320532929306
ry_vs_same_scalar_rxryrz,same_scalar_rxryrz,4,43,-2.4661683526459512,-2.2139706768312664,-0.11580315476519398,-0.2320279059594254,-0.2182164929580418
ry_vs_same_scalar_rxryrz,same_scalar_rxryrz,4,44,-5.915564955310387,-1.8784055259619663,-0.1171559726487392,-0.036045049323324904,-0.2123842688629164
ry_vs_same_scalar_rxryrz,same_scalar_rxryrz,4,45,4.605444684491793,4.400635862353418,0.13559775571612293,0.05571104806705529,-0.020494557284107318
ry_vs_same_scalar_rxryrz,same_scalar_rxryrz,4,46,5.163291032370196,4.608022767276324,0.0453942301380002,-0.08006065453863359,0.07345386994899294
ry_vs_same_scalar_rxryrz,same_scalar_rxryrz,5,42,1.8415616747250567,-1.2334491436331945,-0.08922155272796692,-0.4021733433871577,-0.21350254739296992
ry_vs_same_scalar_rxryrz,same_scalar_rxryrz,5,43,2.4225295025275813,1.8320390630217886,0.01698224677530269,-0.1812221489012979,0.21885159409618316
ry_vs_same_scalar_rxryrz,same_scalar_rxryrz,5,44,2.139941688533284,0.9680397201563267,0.083692277357034,-0.0712439343234344,0.0802047193982266
ry_vs_same_scalar_rxryrz,same_scalar_rxryrz,5,45,1.3054745514521073,2.5322163373555,0.054047923501033907,0.0034027351439361,0.24661647780547324
ry_vs_same_scalar_rxryrz,same_scalar_rxryrz,5,46,-0.5654944187785986,1.849067100199882,-0.028528350811565795,-0.03810594326637359,0.01930241050623771
ry_vs_same_scalar_rxryrz,same_scalar_rxryrz,6,42,0.00141629255652731,0.15322976519011888,0.0937028951122828,0.08627785024641227,0.0172214244967982
ry_vs_same_scalar_rxryrz,same_scalar_rxryrz,6,43,0.37362542949350086,0.19806895143547365,0.043363628611640996,0.013473399582283996,-0.024908482945912774
ry_vs_same_scalar_rxryrz,same_scalar_rxryrz,6,44,-4.451792059791501,-2.448799117869328,-0.0674076825440685,0.17589578003907264,-0.09781372876659816
ry_vs_same_scalar_rxryrz,same_scalar_rxryrz,6,45,-0.3404888445982124,0.5231252723762267,-0.2204299179975897,-0.3663311997046148,-0.36123343840519895
ry_vs_same_scalar_rxryrz,same_scalar_rxryrz,6,46,-1.975406292628108,-3.7639393528515157,-0.1895961534242181,-0.429644924247316,-0.27191048019993325
ry_vs_seasonal_meridian,seasonal_meridian,1,42,6.600747159123209,4.796829544438296,0.17603820440004347,0.2578991881727783,0.013507246587765032
ry_vs_seasonal_meridian,seasonal_meridian,1,43,9.596221293381092,6.835143466681195,0.25485668662187544,0.3188919332257055,0.03672654795158081
ry_vs_seasonal_meridian,seasonal_meridian,1,44,6.130609877475095,4.944204322822678,0.15125332813903508,0.2514740147843231,0.024973158030482834
ry_vs_seasonal_meridian,seasonal_meridian,1,45,7.0175785024680195,5.98212353948206,0.19829938894634513,0.32940426812877033,0.020359924520303774
ry_vs_seasonal_meridian,seasonal_meridian,1,46,7.5296876435565,6.111071322637031,0.20118585038070985,0.2752492214163006,0.02986884464092443
ry_vs_seasonal_meridian,seasonal_meridian,2,42,6.998545193572426,4.169784308571508,0.1568260291362461,0.14547599295054792,0.10515810989983232
ry_vs_seasonal_meridian,seasonal_meridian,2,43,8.483427817644724,8.196196092934635,0.25186896868960623,0.3116798558580583,0.18668948895989512
ry_vs_seasonal_meridian,seasonal_meridian,2,44,5.2441976466509885,5.520491526726559,0.15732994627901814,0.027026518107742092,0.06693153093229476
ry_vs_seasonal_meridian,seasonal_meridian,2,45,1.8760857385300014,2.6136650740053042,0.08990966728085437,0.1733880106555644,0.009733735821470635
ry_vs_seasonal_meridian,seasonal_meridian,2,46,5.1916917920725325,5.805191980022926,0.14099079650804608,0.20315989399239479,0.00670111094885284
ry_vs_seasonal_meridian,seasonal_meridian,3,42,4.852752945092419,4.959626105356541,0.0918772172990916,-0.013885214440336802,0.2244240186693598
ry_vs_seasonal_meridian,seasonal_meridian,3,43,16.257092082131884,13.94652748385532,0.2924263445326071,0.1952668445746042,0.281843206837217
ry_vs_seasonal_meridian,seasonal_meridian,3,44,3.710463727095572,4.019836048516197,0.1219064797913601,0.17626337501683287,0.25611304003411917
ry_vs_seasonal_meridian,seasonal_meridian,3,45,9.948036121076747,11.284727979785742,0.3667571192868674,0.5094760457604937,0.6089004681410419
ry_vs_seasonal_meridian,seasonal_meridian,3,46,12.581107801383652,7.282572806777601,0.24250956829020287,0.0625185272058067,0.36494020433624075
ry_vs_seasonal_meridian,seasonal_meridian,4,42,12.158832226498767,9.97947086732431,0.3134121788024004,0.07776193570119111,0.05198085044508405
ry_vs_seasonal_meridian,seasonal_meridian,4,43,2.388970165670358,1.8445942795814716,0.0829461126552476,0.1297619618191613,0.06989415975469893
ry_vs_seasonal_meridian,seasonal_meridian,4,44,1.9550264968700972,4.098488193311695,0.10461502938236328,0.1795953242227382,0.026889186262738396
ry_vs_seasonal_meridian,seasonal_meridian,4,45,5.179154208366839,4.2637863007189765,0.14716999437467598,0.1286232838864874,0.030760435559790356
ry_vs_seasonal_meridian,seasonal_meridian,4,46,9.082328684797979,7.028347698687639,0.187172886062425,0.05543405415571662,0.1348690688536055
ry_vs_seasonal_meridian,seasonal_meridian,5,42,9.827536170229415,7.543014977766774,0.2555298570153596,0.18119013787973026,0.4589310120744057
ry_vs_seasonal_meridian,seasonal_meridian,5,43,3.089591207432221,1.7130226482620543,0.03648678711811609,-0.12032483485065319,0.30389892159551257
ry_vs_seasonal_meridian,seasonal_meridian,5,44,-0.5197815323362533,-0.5516902092217251,0.04366084152796179,0.1134458402977531,0.2101323183641517
ry_vs_seasonal_meridian,seasonal_meridian,5,45,2.4579607362126126,2.191905633345577,0.1080657559970298,0.1113350194802252,0.297773849404783
ry_vs_seasonal_meridian,seasonal_meridian,5,46,2.8588183591136413,2.900622214120446,0.08039198370018541,0.06255963831929551,0.2681645874115848
ry_vs_seasonal_meridian,seasonal_meridian,6,42,6.5466269272023325,7.776374314084364,0.5436501997943012,0.6942904810384007,0.7332221908291314
ry_vs_seasonal_meridian,seasonal_meridian,6,43,6.774473376741206,7.188572554603617,0.44301239206658155,0.4842982906104438,0.5039767315058358
ry_vs_seasonal_meridian,seasonal_meridian,6,44,3.2393306566082174,3.777679567175774,0.2395216677909783,0.4907025434488677,0.5928033538683204
ry_vs_seasonal_meridian,seasonal_meridian,6,45,4.389095690123234,7.4660726046452766,0.167035817450785,0.1418027093848332,0.2954661844489479
ry_vs_seasonal_meridian,seasonal_meridian,6,46,4.809771231160212,4.174238356577234,0.1776450691394892,0.02193873047971831,0.22600392071559583
ry_vs_learnable_seasonal_cdf,learnable_seasonal_cdf,1,42,6.444000620114281,6.476703956135445,0.19162781284292196,0.341155894650254,0.007518009962313665
ry_vs_learnable_seasonal_cdf,learnable_seasonal_cdf,1,43,7.440484834185973,6.150079524036222,0.236125984331799,0.3929844700021575,0.0335767162528926
ry_vs_learnable_seasonal_cdf,learnable_seasonal_cdf,1,44,6.717947067496944,4.0052031549335965,0.16535047485921178,0.281408686038788,0.036712914471177194
ry_vs_learnable_seasonal_cdf,learnable_seasonal_cdf,1,45,6.780557335566179,6.103933501552518,0.20971995240959518,0.3841418861431044,0.021285714480242746
ry_vs_learnable_seasonal_cdf,learnable_seasonal_cdf,1,46,6.7879500962560115,5.961996792651043,0.2110223723592955,0.36241301203101106,0.028179138023365247
ry_vs_learnable_seasonal_cdf,learnable_seasonal_cdf,2,42,18.038262304362704,15.43160903377214,0.3596271057443381,0.29275300902384316,0.09671124070880388
ry_vs_learnable_seasonal_cdf,learnable_seasonal_cdf,2,43,12.530940964238248,11.784975364050595,0.3331317337635213,0.40958584052450836,0.1923601590810019
ry_vs_learnable_seasonal_cdf,learnable_seasonal_cdf,2,44,9.672196205351412,11.205947769377929,0.22163246303558087,0.23399000622255628,0.06226748671819915
ry_vs_learnable_seasonal_cdf,learnable_seasonal_cdf,2,45,8.701191351982182,7.029351267246646,0.23234917918081532,0.2421864684985288,0.04602596960065419
ry_vs_learnable_seasonal_cdf,learnable_seasonal_cdf,2,46,8.378907601285235,7.886501284349819,0.20602122429143394,0.28923790842101094,0.004574553099063183
ry_vs_learnable_seasonal_cdf,learnable_seasonal_cdf,3,42,10.060213281092743,8.977078186954344,0.2122122434077821,0.1549514556283081,0.23010861174578812
ry_vs_learnable_seasonal_cdf,learnable_seasonal_cdf,3,43,17.26087491368144,15.464720059128865,0.3496524484153243,0.3455166282526601,0.308123797122134
ry_vs_learnable_seasonal_cdf,learnable_seasonal_cdf,3,44,7.934764359753139,9.442797155710537,0.2258051516186696,0.35008519408447336,0.26684759462841634
ry_vs_learnable_seasonal_cdf,learnable_seasonal_cdf,3,45,12.449228035392032,13.428276768291155,0.4223352613166611,0.6749273543582714,0.6132483868474055
ry_vs_learnable_seasonal_cdf,learnable_seasonal_cdf,3,46,15.08407168210669,11.337380048316923,0.3086788090855264,0.2580895411919377,0.3710005029016491
ry_vs_learnable_seasonal_cdf,learnable_seasonal_cdf,4,42,17.035931643196605,16.18032161521368,0.37091538321274914,0.33429266764008897,0.04771980616862481
ry_vs_learnable_seasonal_cdf,learnable_seasonal_cdf,4,43,6.8204574494738,6.620555756145592,0.2119305723708576,0.3148604453422068,0.06420933594902833
ry_vs_learnable_seasonal_cdf,learnable_seasonal_cdf,4,44,12.207377665775823,10.633018351934247,0.3192888912963904,0.36003350626187736,0.07472967167102096
ry_vs_learnable_seasonal_cdf,learnable_seasonal_cdf,4,45,11.522138892757553,11.351937920898287,0.29297326132585627,0.3529314820471725,0.049552674850467215
ry_vs_learnable_seasonal_cdf,learnable_seasonal_cdf,4,46,15.015800503675848,13.07599162068415,0.3228172553961714,0.296328228388768,0.15786377106037353
ry_vs_learnable_seasonal_cdf,learnable_seasonal_cdf,5,42,14.48282377078732,12.52616807197333,0.3661197276333905,0.3049526947146395,0.511253158300189
ry_vs_learnable_seasonal_cdf,learnable_seasonal_cdf,5,43,10.0414413098868,7.947700455365904,0.23757061830579168,0.11547654336800409,0.35249785522568033
ry_vs_learnable_seasonal_cdf,learnable_seasonal_cdf,5,44,8.739596974433596,7.683506612148207,0.2667565042803113,0.3129517538817343,0.3690515359826343
ry_vs_learnable_seasonal_cdf,learnable_seasonal_cdf,5,45,12.991506583738435,12.574448292462527,0.383503143180974,0.4574764466950267,0.36446545160545585
ry_vs_learnable_seasonal_cdf,learnable_seasonal_cdf,5,46,11.026847056364254,10.686748414799794,0.2776171254778637,0.307308711304346,0.3379135185088449
ry_vs_learnable_seasonal_cdf,learnable_seasonal_cdf,6,42,11.068418469555198,12.444080447740568,0.6691387771553673,0.9107482919365253,0.8142955969956776
ry_vs_learnable_seasonal_cdf,learnable_seasonal_cdf,6,43,10.69079529837986,10.432385747363924,0.5405489622523478,0.7160331056336788,0.7026026870574672
ry_vs_learnable_seasonal_cdf,learnable_seasonal_cdf,6,44,14.113545487490235,14.464135335018163,0.5016521489258754,0.7719598401400336,0.6780535934501286
ry_vs_learnable_seasonal_cdf,learnable_seasonal_cdf,6,45,12.887496244193258,15.09563420245604,0.396852587351093,0.4570648637135106,0.4263698495957319
ry_vs_learnable_seasonal_cdf,learnable_seasonal_cdf,6,46,11.174684947434343,9.155494369091763,0.31742411685037775,0.2527751027421885,0.34043939121027156
ry_vs_learnable_seasonal_cdf_rz,learnable_seasonal_cdf_rz,1,42,6.261199061372629,6.42600756194625,0.19400413517083892,0.35313031139107565,0.012804715858848015
ry_vs_learnable_seasonal_cdf_rz,learnable_seasonal_cdf_rz,1,43,8.357260336920675,6.890324963580412,0.24284429718902723,0.37539736742626895,0.03201430068269118
ry_vs_learnable_seasonal_cdf_rz,learnable_seasonal_cdf_rz,1,44,7.970861329509255,4.7028099455255585,0.19020540053585427,0.30882277010047676,0.03186684295936926
ry_vs_learnable_seasonal_cdf_rz,learnable_seasonal_cdf_rz,1,45,7.033954582342815,6.424768510739582,0.20514490617111036,0.3635041081707555,0.02087949998764682
ry_vs_learnable_seasonal_cdf_rz,learnable_seasonal_cdf_rz,1,46,6.955140286278841,6.012612955245579,0.21171488663953547,0.3600810028635808,0.029553301324444448
ry_vs_learnable_seasonal_cdf_rz,learnable_seasonal_cdf_rz,2,42,15.045057970764688,13.173103778172987,0.3093836368642192,0.2544326028112812,0.09712883635642089
ry_vs_learnable_seasonal_cdf_rz,learnable_seasonal_cdf_rz,2,43,12.286289221310987,12.777410516182982,0.3291141757416412,0.44140516264236457,0.19177447331308317
ry_vs_learnable_seasonal_cdf_rz,learnable_seasonal_cdf_rz,2,44,9.454738927201795,11.062178223221757,0.21622043324451018,0.2541433404143303,0.05938473874894279
ry_vs_learnable_seasonal_cdf_rz,learnable_seasonal_cdf_rz,2,45,6.932140037654413,6.511990443899201,0.1962896402503883,0.24030192328575858,0.04629032136161482
ry_vs_learnable_seasonal_cdf_rz,learnable_seasonal_cdf_rz,2,46,8.035370129296517,7.6744634491032215,0.19415046819085818,0.2537706031323078,0.0112428942678644
ry_vs_learnable_seasonal_cdf_rz,learnable_seasonal_cdf_rz,3,42,8.394077779442156,7.829867555175241,0.18341053484830516,0.1603532523072192,0.23311481160762337
ry_vs_learnable_seasonal_cdf_rz,learnable_seasonal_cdf_rz,3,43,16.74520577350195,14.560855036302307,0.3433206864913262,0.32994332532046783,0.29268461642380017
ry_vs_learnable_seasonal_cdf_rz,learnable_seasonal_cdf_rz,3,44,7.154769489788045,8.84682919132419,0.21347618669913132,0.3556702356053303,0.2674995266778779
ry_vs_learnable_seasonal_cdf_rz,learnable_seasonal_cdf_rz,3,45,14.07081107819019,13.224842116933573,0.4495167025065493,0.7037354113335058,0.6234757301325204
ry_vs_learnable_seasonal_cdf_rz,learnable_seasonal_cdf_rz,3,46,16.751017802661465,12.869668492666008,0.3374190286480864,0.2878475829407819,0.37121907143189026
ry_vs_learnable_seasonal_cdf_rz,learnable_seasonal_cdf_rz,4,42,12.910148975097187,12.542944221815482,0.29639507933662596,0.2787556183694419,0.04535638054861124
ry_vs_learnable_seasonal_cdf_rz,learnable_seasonal_cdf_rz,4,43,7.173149445979313,7.44496569932366,0.21426421852351812,0.3104329232736148,0.06434179137556095
ry_vs_learnable_seasonal_cdf_rz,learnable_seasonal_cdf_rz,4,44,8.005178180101964,8.612157007135764,0.24740365173195322,0.3355357720351011,0.07239881847518692
ry_vs_learnable_seasonal_cdf_rz,learnable_seasonal_cdf_rz,4,45,11.168624824533275,11.355309331123031,0.28741772984930364,0.36312407796424506,0.053186448828151156
ry_vs_learnable_seasonal_cdf_rz,learnable_seasonal_cdf_rz,4,46,14.79833460352755,12.622651140923352,0.3186506019331476,0.2902142704789128,0.15944172363070153
ry_vs_learnable_seasonal_cdf_rz,learnable_seasonal_cdf_rz,5,42,12.220116857223864,13.83615186240079,0.3318686408489525,0.352009010082945,0.5069773990790897
ry_vs_learnable_seasonal_cdf_rz,learnable_seasonal_cdf_rz,5,43,9.439881230516718,7.574355054409956,0.21742909736907584,0.15942712508042503,0.34727254286013054
ry_vs_learnable_seasonal_cdf_rz,learnable_seasonal_cdf_rz,5,44,10.628148789262603,9.392108204821476,0.3063166537052423,0.33232154664321056,0.3725718857587249
ry_vs_learnable_seasonal_cdf_rz,learnable_seasonal_cdf_rz,5,45,12.202973620433603,11.156112922263546,0.3701482950857814,0.404955361697318,0.3662591060166499
ry_vs_learnable_seasonal_cdf_rz,learnable_seasonal_cdf_rz,5,46,10.574084643848067,9.257710801519877,0.2749547735603866,0.2706554697442735,0.3391419564706293
ry_vs_learnable_seasonal_cdf_rz,learnable_seasonal_cdf_rz,6,42,13.393577683978258,13.600041275430456,0.7128404780862497,0.9368637338995132,0.8130907642184968
ry_vs_learnable_seasonal_cdf_rz,learnable_seasonal_cdf_rz,6,43,10.310913636832623,9.900563984651747,0.531054254140793,0.6623997667349935,0.6980960902421122
ry_vs_learnable_seasonal_cdf_rz,learnable_seasonal_cdf_rz,6,44,11.110686939062688,12.93231553242692,0.462237844869377,0.7947229655943207,0.683604303308645
ry_vs_learnable_seasonal_cdf_rz,learnable_seasonal_cdf_rz,6,45,11.35681551477473,12.90684289788809,0.3635029748764174,0.44335631806343534,0.42229467585516267
ry_vs_learnable_seasonal_cdf_rz,learnable_seasonal_cdf_rz,6,46,9.994406422660504,9.427813542588474,0.27583146937279357,0.2957440086360291,0.3409213360602815
