original_index,date,pp_raw,cdf,sorted_index,sorted_pp_raw
0,1981-01-01,6.666464462,0.096153846153846159,0,0.1615616196
1,1981-02-01,15.59066629,0.19780219780219779,1,0.279913734
2,1981-03-01,199.0325632,0.9505494505494505,2,0.3508515451
3,1981-04-01,154.873202,0.82967032967032972,3,0.3667098584
4,1981-05-01,150.9315383,0.81318681318681318,4,0.5860263234
5,1981-06-01,135.1046286,0.75,5,0.7345122982
6,1981-07-01,224.4275499,0.97802197802197799,6,0.7923324271
7,1981-08-01,153.5722584,0.82692307692307687,7,1.083604374
8,1981-09-01,117.52543,0.69230769230769229,8,1.325207052
9,1981-10-01,30.25380974,0.31043956043956045,9,1.390699274
10,1981-11-01,40.14459187,0.36813186813186816,10,1.40175137
11,1981-12-01,4.569643933,0.063186813186813184,11,1.713493318
12,1982-01-01,8.011139377,0.11263736263736264,12,1.802658944
13,1982-02-01,27.15481536,0.28021978021978022,13,1.820731046
14,1982-03-01,31.18232612,0.32417582417582419,14,1.881350636
15,1982-04-01,182.8812891,0.92307692307692313,15,2.022611342
16,1982-05-01,250.5827299,0.99175824175824179,16,2.62468701
17,1982-06-01,108.8582336,0.64560439560439564,17,2.766244306
18,1982-07-01,109.271754,0.65384615384615385,18,3.75517951
19,1982-08-01,140.5866852,0.77472527472527475,19,4.206863542
20,1982-09-01,55.14191227,0.41208791208791207,20,4.303779716
21,1982-10-01,123.6645383,0.71153846153846156,21,4.403059365
22,1982-11-01,145.8060096,0.79670329670329665,22,4.569643933
23,1982-12-01,24.72114238,0.26373626373626374,23,4.616406176
24,1983-01-01,8.347500487,0.11538461538461539,24,4.630835066
25,1983-02-01,24.42961317,0.26098901098901101,25,4.687058051
26,1983-03-01,13.46440784,0.17307692307692307,26,4.705272635
27,1983-04-01,102.71488,0.62087912087912089,27,5.445891702
28,1983-05-01,168.6332182,0.87637362637362637,28,5.713301586
29,1983-06-01,186.0308208,0.9285714285714286,29,5.72862593
30,1983-07-01,170.8872684,0.88186813186813184,30,5.792383589
31,1983-08-01,314.9248051,1,31,6.580980257
32,1983-09-01,151.8051861,0.8214285714285714,32,6.601779908
33,1983-10-01,138.4627013,0.76648351648351654,33,6.653277727
34,1983-11-01,39.05955226,0.36263736263736263,34,6.666464462
35,1983-12-01,4.403059365,0.06043956043956044,35,6.754075218
36,1984-01-01,2.62468701,0.046703296703296704,36,6.909034339
37,1984-02-01,7.967535477,0.10989010989010989,37,6.975017221
38,1984-03-01,26.42001112,0.27197802197802196,38,7.110270478
39,1984-04-01,111.4902993,0.67032967032967028,39,7.967535477
40,1984-05-01,82.32276211,0.51373626373626369,40,8.011139377
41,1984-06-01,149.6126252,0.80494505494505497,41,8.347500487
42,1984-07-01,164.3598214,0.84890109890109888,42,8.459158639
43,1984-08-01,61.79223638,0.43681318681318682,43,8.525147811
44,1984-09-01,85.54864726,0.52747252747252749,44,8.556236926
45,1984-10-01,35.37445977,0.34890109890109888,45,9.095304986
46,1984-11-01,78.81793867,0.49725274725274726,46,9.430406012
47,1984-12-01,34.58077878,0.34340659340659341,47,9.483653812
48,1985-01-01,12.08292174,0.15109890109890109,48,9.49276008
49,1985-02-01,37.13461548,0.35164835164835168,49,9.682553037
50,1985-03-01,96.79426942,0.59340659340659341,50,9.95890249
51,1985-04-01,227.0077069,0.98076923076923073,51,10.23426417
52,1985-05-01,186.5872369,0.93406593406593408,52,11.62590534
53,1985-06-01,129.8901157,0.73901098901098905,53,11.72093744
54,1985-07-01,199.6901627,0.95329670329670335,54,12.08292174
55,1985-08-01,144.6364008,0.78846153846153844,55,12.111764
56,1985-09-01,60.16261099,0.43131868131868134,56,12.50929802
57,1985-10-01,22.93611166,0.24725274725274726,57,12.60552709
58,1985-11-01,102.4005882,0.61813186813186816,58,12.94462454
59,1985-12-01,3.75517951,0.0521978021978022,59,13.14532443
60,1986-01-01,0.7923324271,0.019230769230769232,60,13.16107779
61,1986-02-01,23.35512071,0.25,61,13.19300451
62,1986-03-01,78.11200625,0.49450549450549453,62,13.46440784
63,1986-04-01,181.3189184,0.91758241758241754,63,13.67060918
64,1986-05-01,186.1084848,0.93131868131868134,64,13.6979931
65,1986-06-01,199.9302071,0.95604395604395609,65,13.95071193
66,1986-07-01,179.2823327,0.90934065934065933,66,14.12493712
67,1986-08-01,55.60764749,0.41483516483516486,67,14.19407389
68,1986-09-01,136.1598759,0.75549450549450547,68,14.62302463
69,1986-10-01,22.78380837,0.23901098901098902,69,14.76511638
70,1986-11-01,29.67751376,0.30219780219780218,70,14.86923549
71,1986-12-01,28.09158962,0.28846153846153844,71,15.59066629
72,1987-01-01,4.206863542,0.054945054945054944,72,15.795243
73,1987-02-01,32.61586152,0.32967032967032966,73,16.25106856
74,1987-03-01,93.5550168,0.56318681318681318,74,16.58462576
75,1987-04-01,97.29814294,0.59615384615384615,75,16.59304632
76,1987-05-01,266.3676747,0.99725274725274726,76,17.87577736
77,1987-06-01,115.1358499,0.68681318681318682,77,18.72184481
78,1987-07-01,59.91766429,0.42857142857142855,78,20.37463517
79,1987-08-01,103.389937,0.62362637362637363,79,20.60059301
80,1987-09-01,24.20589716,0.25824175824175827,80,21.54646916
81,1987-10-01,22.84748792,0.24175824175824176,81,21.6161945
82,1987-11-01,105.8194936,0.63736263736263732,82,21.94861032
83,1987-12-01,13.16107779,0.16758241758241757,83,22.11463393
84,1988-01-01,21.54646916,0.22252747252747251,84,22.44621912
85,1988-02-01,12.50929802,0.15659340659340659,85,22.52112827
86,1988-03-01,74.44271045,0.48351648351648352,86,22.78380837
87,1988-04-01,187.254327,0.93681318681318682,87,22.84748792
88,1988-05-01,172.0242369,0.88736263736263732,88,22.92850455
89,1988-06-01,118.4798621,0.69505494505494503,89,22.93611166
90,1988-07-01,172.8055283,0.8928571428571429,90,23.35512071
91,1988-08-01,151.2496476,0.81593406593406592,91,23.55580421
92,1988-09-01,176.2388923,0.89835164835164838,92,23.97989664
93,1988-10-01,95.93172916,0.5851648351648352,93,24.20589716
94,1988-11-01,16.58462576,0.20604395604395603,94,24.42961317
95,1988-12-01,4.616406176,0.065934065934065936,95,24.72114238
96,1989-01-01,7.110270478,0.10714285714285714,96,25.18123568
97,1989-02-01,34.67924639,0.34615384615384615,97,26.00487605
98,1989-03-01,124.2431969,0.7142857142857143,98,26.42001112
99,1989-04-01,122.7701424,0.70879120879120883,99,26.57267617
100,1989-05-01,161.5945395,0.84065934065934067,100,26.93889147
101,1989-06-01,111.0401583,0.66758241758241754,101,27.15481536
102,1989-07-01,184.1001779,0.92582417582417587,102,27.20588049
103,1989-08-01,92.7343544,0.56043956043956045,103,27.56619529
104,1989-09-01,86.7159294,0.53296703296703296,104,28.09158962
105,1989-10-01,94.09011786,0.56593406593406592,105,28.64041224
106,1989-11-01,29.75869007,0.30494505494505497,106,28.97422702
107,1989-12-01,45.74520436,0.38461538461538464,107,29.47054824
108,1990-01-01,30.10862995,0.30769230769230771,108,29.63312452
109,1990-02-01,90.26766911,0.55494505494505497,109,29.67751376
110,1990-03-01,68.72885468,0.47252747252747251,110,29.75869007
111,1990-04-01,149.7426293,0.81043956043956045,111,30.10862995
112,1990-05-01,167.1136978,0.86813186813186816,112,30.25380974
113,1990-06-01,63.95331152,0.45054945054945056,113,30.37969651
114,1990-07-01,165.6438737,0.85439560439560436,114,30.77250635
115,1990-08-01,127.9934727,0.73626373626373631,115,30.84347307
116,1990-09-01,37.8641936,0.35714285714285715,116,30.87965916
117,1990-10-01,81.8430118,0.50549450549450547,117,31.18232612
118,1990-11-01,25.18123568,0.26648351648351648,118,32.04588636
119,1990-12-01,32.04588636,0.32692307692307693,119,32.61586152
120,1991-01-01,29.63312452,0.29945054945054944,120,32.74117828
121,1991-02-01,6.601779908,0.090659340659340656,121,33.80204578
122,1991-03-01,65.34816542,0.4532967032967033,122,34.02906539
123,1991-04-01,101.589491,0.6071428571428571,123,34.32278736
124,1991-05-01,180.5899501,0.9148351648351648,124,34.58077878
125,1991-06-01,167.0679396,0.86538461538461542,125,34.67924639
126,1991-07-01,215.5004057,0.97252747252747251,126,35.37445977
127,1991-08-01,260.9544503,0.99450549450549453,127,37.13461548
128,1991-09-01,50.26409749,0.40109890109890112,128,37.28721846
129,1991-10-01,138.1601863,0.76373626373626369,129,37.8641936
130,1991-11-01,12.94462454,0.16208791208791209,130,38.94118827
131,1991-12-01,16.59304632,0.2087912087912088,131,39.05955226
132,1992-01-01,0.3508515451,0.008241758241758242,132,39.83762398
133,1992-02-01,9.49276008,0.13461538461538461,133,40.14459187
134,1992-03-01,30.84347307,0.31868131868131866,134,41.19988512
135,1992-04-01,109.5609037,0.65659340659340659,135,41.41824163
136,1992-05-01,137.5101582,0.76098901098901095,136,42.14859997
137,1992-06-01,177.7594423,0.90659340659340659,137,43.06490312
138,1992-07-01,167.8633572,0.87362637362637363,138,45.40602021
139,1992-08-01,145.3860655,0.79395604395604391,139,45.74520436
140,1992-09-01,65.37725774,0.45604395604395603,140,46.11120887
141,1992-10-01,148.4683121,0.80219780219780223,141,46.8005207
142,1992-11-01,32.74117828,0.3324175824175824,142,46.89550822
143,1992-12-01,17.87577736,0.21153846153846154,143,47.70739087
144,1993-01-01,21.94861032,0.22802197802197802,144,49.6594154
145,1993-02-01,30.77250635,0.31593406593406592,145,50.26409749
146,1993-03-01,14.62302463,0.18956043956043955,146,50.80468423
147,1993-04-01,88.23445173,0.53846153846153844,147,54.42719432
148,1993-05-01,206.0827633,0.96153846153846156,148,54.42941875
149,1993-06-01,119.5698118,0.69780219780219777,149,55.14191227
150,1993-07-01,76.1687229,0.48901098901098899,150,55.60764749
151,1993-08-01,54.42719432,0.40659340659340659,151,55.8299455
152,1993-09-01,18.72184481,0.21428571428571427,152,57.98685639
153,1993-10-01,5.72862593,0.082417582417582416,153,58.31675162
154,1993-11-01,37.28721846,0.35439560439560441,154,58.47333682
155,1993-12-01,5.792383589,0.085164835164835168,155,59.91766429
156,1994-01-01,1.083604374,0.02197802197802198,156,60.16261099
157,1994-02-01,13.67060918,0.17582417582417584,157,60.85330516
158,1994-03-01,88.49408524,0.54120879120879117,158,61.79223638
159,1994-04-01,112.218581,0.67307692307692313,159,62.05044974
160,1994-05-01,195.2414108,0.94780219780219777,160,62.37945427
161,1994-06-01,159.0566027,0.8351648351648352,161,63.26888618
162,1994-07-01,230.7346605,0.98626373626373631,162,63.92164934
163,1994-08-01,167.4267166,0.87087912087912089,163,63.95331152
164,1994-09-01,22.52112827,0.23626373626373626,164,65.34816542
165,1994-10-01,50.80468423,0.40384615384615385,165,65.37725774
166,1994-11-01,95.52526627,0.58241758241758246,166,65.61937126
167,1994-12-01,5.445891702,0.076923076923076927,167,65.69298392
168,1995-01-01,0.7345122982,0.016483516483516484,168,65.89676319
169,1995-02-01,13.95071193,0.18131868131868131,169,67.16574777
170,1995-03-01,46.89550822,0.39285714285714285,170,68.47100093
171,1995-04-01,126.3590368,0.71978021978021978,171,68.72885468
172,1995-05-01,99.87540149,0.59890109890109888,172,69.13418428
173,1995-06-01,101.5846726,0.60439560439560436,173,69.92919284
174,1995-07-01,179.6262025,0.91208791208791207,174,71.03638523
175,1995-08-01,80.39515137,0.5,175,74.44271045
176,1995-09-01,42.14859997,0.37637362637362637,176,75.4748019
177,1995-10-01,62.05044974,0.43956043956043955,177,76.1687229
178,1995-11-01,38.94118827,0.35989010989010989,178,77.25604557
179,1995-12-01,30.87965916,0.32142857142857145,179,78.11200625
180,1996-01-01,14.19407389,0.18681318681318682,180,78.81793867
181,1996-02-01,15.795243,0.20054945054945056,181,80.39515137
182,1996-03-01,82.27087755,0.51098901098901095,182,81.06866586
183,1996-04-01,108.4538015,0.6428571428571429,183,81.8430118
184,1996-05-01,151.817034,0.82417582417582413,184,82.20294506
185,1996-06-01,144.5288607,0.7857142857142857,185,82.27087755
186,1996-07-01,162.5919779,0.84340659340659341,186,82.32276211
187,1996-08-01,151.254027,0.81868131868131866,187,83.74986209
188,1996-09-01,127.2269207,0.73076923076923073,188,84.70695426
189,1996-10-01,12.60552709,0.15934065934065933,189,85.33701945
190,1996-11-01,21.6161945,0.22527472527472528,190,85.5445059
191,1996-12-01,1.40175137,0.03021978021978022,191,85.54864726
192,1997-01-01,6.975017221,0.1043956043956044,192,86.07668779
193,1997-02-01,0.1615616196,0.0027472527472527475,193,86.7159294
194,1997-03-01,47.70739087,0.39560439560439559,194,88.05967514
195,1997-04-01,244.5874856,0.98901098901098905,195,88.23445173
196,1997-05-01,65.69298392,0.46153846153846156,196,88.49408524
197,1997-06-01,94.46562391,0.57417582417582413,197,88.58907294
198,1997-07-01,140.8691956,0.77747252747252749,198,89.33272619
199,1997-08-01,55.8299455,0.4175824175824176,199,89.95450876
200,1997-09-01,2.766244306,0.049450549450549448,200,90.03686556
201,1997-10-01,126.4933587,0.72252747252747251,201,90.26766911
202,1997-11-01,143.186298,0.78021978021978022,202,91.42352826
203,1997-12-01,89.33272619,0.54670329670329665,203,92.7343544
204,1998-01-01,63.26888618,0.44505494505494503,204,93.5550168
205,1998-02-01,49.6594154,0.39835164835164832,205,94.09011786
206,1998-03-01,9.95890249,0.14010989010989011,206,94.09972872
207,1998-04-01,75.4748019,0.48626373626373626,207,94.15656022
208,1998-05-01,176.7396232,0.90109890109890112,208,94.46562391
209,1998-06-01,124.7343561,0.71703296703296704,209,94.94255453
210,1998-07-01,174.2682914,0.89560439560439564,210,95.12832965
211,1998-08-01,164.4813249,0.85164835164835162,211,95.52526627
212,1998-09-01,27.56619529,0.2857142857142857,212,95.93172916
213,1998-10-01,103.9874379,0.62637362637362637,213,96.20525945
214,1998-11-01,8.459158639,0.11813186813186813,214,96.31255172
215,1998-12-01,1.881350636,0.041208791208791208,215,96.79426942
216,1999-01-01,4.630835066,0.068681318681318687,216,97.29814294
217,1999-02-01,0.279913734,0.0054945054945054949,217,99.87540149
218,1999-03-01,94.15656022,0.5714285714285714,218,101.551823
219,1999-04-01,105.5762795,0.63461538461538458,219,101.5846726
220,1999-05-01,94.94255453,0.57692307692307687,220,101.589491
221,1999-06-01,85.33701945,0.52197802197802201,221,102.0668368
222,1999-07-01,127.0736886,0.72802197802197799,222,102.0924296
223,1999-08-01,126.6943865,0.72527472527472525,223,102.2409702
224,1999-09-01,60.85330516,0.43406593406593408,224,102.4005882
225,1999-10-01,121.8112658,0.70604395604395609,225,102.71488
226,1999-11-01,12.111764,0.15384615384615385,226,103.389937
227,1999-12-01,20.37463517,0.21703296703296704,227,103.9874379
228,2000-01-01,1.820731046,0.038461538461538464,228,104.7287423
229,2000-02-01,6.909034339,0.10164835164835165,229,105.3652191
230,2000-03-01,16.25106856,0.2032967032967033,230,105.5762795
231,2000-04-01,67.16574777,0.46703296703296704,231,105.8194936
232,2000-05-01,134.804609,0.74725274725274726,232,106.4290056
233,2000-06-01,108.8908928,0.64835164835164838,233,108.4538015
234,2000-07-01,102.0668368,0.60989010989010994,234,108.8582336
235,2000-08-01,163.9624863,0.84615384615384615,235,108.8908928
236,2000-09-01,58.31675162,0.42307692307692307,236,108.9292382
237,2000-10-01,112.8794654,0.67582417582417587,237,109.271754
238,2000-11-01,34.02906539,0.33791208791208793,238,109.5609037
239,2000-12-01,13.14532443,0.16483516483516483,239,110.07451
240,2001-01-01,22.44621912,0.23351648351648352,240,110.2592882
241,2001-02-01,9.483653812,0.13186813186813187,241,110.3383039
242,2001-03-01,68.47100093,0.46978021978021978,242,111.0401583
243,2001-04-01,135.7538587,0.75274725274725274,243,111.4902993
244,2001-05-01,160.0331667,0.83791208791208793,244,112.218581
245,2001-06-01,131.639685,0.74175824175824179,245,112.8794654
246,2001-07-01,136.4329259,0.75824175824175821,246,113.7128559
247,2001-08-01,169.1084353,0.87912087912087911,247,114.0595657
248,2001-09-01,63.92164934,0.44780219780219782,248,115.1298192
249,2001-10-01,138.5166532,0.76923076923076927,249,115.1358499
250,2001-11-01,88.58907294,0.54395604395604391,250,116.6092045
251,2001-12-01,2.022611342,0.043956043956043959,251,117.52543
252,2002-01-01,4.705272635,0.074175824175824176,252,118.4798621
253,2002-02-01,1.713493318,0.032967032967032968,253,119.5698118
254,2002-03-01,82.20294506,0.50824175824175821,254,119.9558103
255,2002-04-01,113.7128559,0.6785714285714286,255,120.9972775
256,2002-05-01,110.07451,0.65934065934065933,256,121.8112658
257,2002-06-01,62.37945427,0.44230769230769229,257,122.7701424
258,2002-07-01,23.97989664,0.25549450549450547,258,123.6645383
259,2002-08-01,84.70695426,0.51923076923076927,259,124.2431969
260,2002-09-01,11.72093744,0.14835164835164835,260,124.7343561
261,2002-10-01,57.98685639,0.42032967032967034,261,126.3590368
262,2002-11-01,29.47054824,0.2967032967032967,262,126.4933587
263,2002-12-01,46.11120887,0.38736263736263737,263,126.6943865
264,2003-01-01,8.525147811,0.12087912087912088,264,127.0736886
265,2003-02-01,1.802658944,0.035714285714285712,265,127.2269207
266,2003-03-01,45.40602021,0.38186813186813184,266,127.8044996
267,2003-04-01,166.1235158,0.8571428571428571,267,127.9934727
268,2003-05-01,145.2161654,0.79120879120879117,268,129.8901157
269,2003-06-01,208.4093983,0.96978021978021978,269,131.639685
270,2003-07-01,229.0696002,0.98351648351648346,270,133.7355001
271,2003-08-01,176.912508,0.90384615384615385,271,134.804609
272,2003-09-01,30.37969651,0.31318681318681318,272,135.1046286
273,2003-10-01,9.682553037,0.13736263736263737,273,135.7538587
274,2003-11-01,28.64041224,0.29120879120879123,274,136.1598759
275,2003-12-01,20.60059301,0.21978021978021978,275,136.4329259
276,2004-01-01,33.80204578,0.33516483516483514,276,137.5101582
277,2004-02-01,9.430406012,0.12912087912087913,277,138.1601863
278,2004-03-01,14.76511638,0.19230769230769232,278,138.4627013
279,2004-04-01,166.6235336,0.86263736263736268,279,138.5166532
280,2004-05-01,106.4290056,0.64010989010989006,280,139.6639166
281,2004-06-01,94.09972872,0.56868131868131866,281,140.5866852
282,2004-07-01,104.7287423,0.62912087912087911,282,140.8691956
283,2004-08-01,110.3383039,0.6648351648351648,283,143.186298
284,2004-09-01,77.25604557,0.49175824175824173,284,143.2773388
285,2004-10-01,46.8005207,0.39010989010989011,285,144.5288607
286,2004-11-01,102.0924296,0.61263736263736268,286,144.6364008
287,2004-12-01,22.11463393,0.23076923076923078,287,145.2161654
288,2005-01-01,14.86923549,0.19505494505494506,288,145.3860655
289,2005-02-01,26.00487605,0.26923076923076922,289,145.8060096
290,2005-03-01,58.47333682,0.42582417582417581,290,148.4365637
291,2005-04-01,69.13418428,0.47527472527472525,291,148.4683121
292,2005-05-01,206.1082302,0.9642857142857143,292,149.6126252
293,2005-06-01,85.5445059,0.52472527472527475,293,149.721657
294,2005-07-01,127.8044996,0.73351648351648346,294,149.7426293
295,2005-08-01,115.1298192,0.68406593406593408,295,150.9315383
296,2005-09-01,114.0595657,0.68131868131868134,296,151.2496476
297,2005-10-01,26.93889147,0.27747252747252749,297,151.254027
298,2005-11-01,23.55580421,0.25274725274725274,298,151.8051861
299,2005-12-01,0.5860263234,0.013736263736263736,299,151.817034
300,2006-01-01,9.095304986,0.12637362637362637,300,153.5722584
301,2006-02-01,27.20588049,0.28296703296703296,301,154.873202
302,2006-03-01,83.74986209,0.51648351648351654,302,157.5678178
303,2006-04-01,166.1832626,0.85989010989010994,303,159.0566027
304,2006-05-01,192.7872763,0.94230769230769229,304,160.0331667
305,2006-06-01,119.9558103,0.7005494505494505,305,161.5945395
306,2006-07-01,157.5678178,0.83241758241758246,306,162.5919779
307,2006-08-01,172.1441934,0.89010989010989006,307,163.9624863
308,2006-09-01,65.89676319,0.4642857142857143,308,164.3598214
309,2006-10-01,81.06866586,0.50274725274725274,309,164.4813249
310,2006-11-01,105.3652191,0.63186813186813184,310,165.6438737
311,2006-12-01,41.41824163,0.37362637362637363,311,166.1235158
312,2007-01-01,10.23426417,0.14285714285714285,312,166.1832626
313,2007-02-01,34.32278736,0.34065934065934067,313,166.6235336
314,2007-03-01,26.57267617,0.27472527472527475,314,167.0679396
315,2007-04-01,116.6092045,0.68956043956043955,315,167.1136978
316,2007-05-01,108.9292382,0.65109890109890112,316,167.4267166
317,2007-06-01,149.721657,0.80769230769230771,317,167.8633572
318,2007-07-01,206.6426995,0.96703296703296704,318,168.6332182
319,2007-08-01,218.5419458,0.97527472527472525,319,169.1084353
320,2007-09-01,201.7959288,0.95879120879120883,320,170.8872684
321,2007-10-01,22.92850455,0.2445054945054945,321,171.6512841
322,2007-11-01,11.62590534,0.14560439560439561,322,172.0242369
323,2007-12-01,6.580980257,0.087912087912087919,323,172.1441934
324,2008-01-01,6.754075218,0.098901098901098897,324,172.8055283
325,2008-02-01,4.687058051,0.071428571428571425,325,174.2682914
326,2008-03-01,102.2409702,0.61538461538461542,326,176.2388923
327,2008-04-01,90.03686556,0.55219780219780223,327,176.7396232
328,2008-05-01,39.83762398,0.36538461538461536,328,176.912508
329,2008-06-01,120.9972775,0.70329670329670335,329,177.7594423
330,2008-07-01,195.1779251,0.94505494505494503,330,179.2823327
331,2008-08-01,110.2592882,0.66208791208791207,331,179.6262025
332,2008-09-01,96.20525945,0.58791208791208793,332,180.5899501
333,2008-10-01,181.6636114,0.92032967032967028,333,181.3189184
334,2008-11-01,101.551823,0.60164835164835162,334,181.6636114
335,2008-12-01,0.3667098584,0.01098901098901099,335,182.8812891
336,2009-01-01,14.12493712,0.18406593406593408,336,184.1001779
337,2009-02-01,1.390699274,0.027472527472527472,337,186.0308208
338,2009-03-01,5.713301586,0.079670329670329665,338,186.1084848
339,2009-04-01,96.31255172,0.59065934065934067,339,186.5872369
340,2009-05-01,171.6512841,0.88461538461538458,340,187.254327
341,2009-06-01,43.06490312,0.37912087912087911,341,191.7854008
342,2009-07-01,65.61937126,0.45879120879120877,342,192.7872763
343,2009-08-01,41.19988512,0.37087912087912089,343,195.1779251
344,2009-09-01,28.97422702,0.29395604395604397,344,195.2414108
345,2009-10-01,86.07668779,0.53021978021978022,345,199.0325632
346,2009-11-01,8.556236926,0.12362637362637363,346,199.6901627
347,2009-12-01,91.42352826,0.55769230769230771,347,199.9302071
348,2010-01-01,13.19300451,0.17032967032967034,348,201.7959288
349,2010-02-01,89.95450876,0.5494505494505495,349,206.0827633
350,2010-03-01,95.12832965,0.57967032967032972,350,206.1082302
351,2010-04-01,148.4365637,0.7994505494505495,351,206.6426995
352,2010-05-01,191.7854008,0.93956043956043955,352,208.4093983
353,2010-06-01,133.7355001,0.74450549450549453,353,215.5004057
354,2010-07-01,143.2773388,0.78296703296703296,354,218.5419458
355,2010-08-01,139.6639166,0.77197802197802201,355,224.4275499
356,2010-09-01,88.05967514,0.5357142857142857,356,227.0077069
357,2010-10-01,71.03638523,0.48076923076923078,357,229.0696002
358,2010-11-01,4.303779716,0.057692307692307696,358,230.7346605
359,2010-12-01,13.6979931,0.17857142857142858,359,244.5874856
360,2011-01-01,1.325207052,0.024725274725274724,360,250.5827299
361,2011-02-01,6.653277727,0.093406593406593408,361,260.9544503
362,2011-03-01,54.42941875,0.40934065934065933,362,266.3676747
363,2011-04-01,69.92919284,0.47802197802197804,363,314.9248051
