depth,seed,train_rmse,val_rmse,test_rmse,test_mae,test_pearson,test_spearman,test_kge,test_nse,test_fft_cosine,fft_metric_source,test_amplitude_ratio,total_parameter_count,encoding_parameter_count,mean_strength,mean_abs_strength_minus_1,min_strength,max_strength,mean_polar_shift_rad,mean_abs_polar_shift_rad,mean_phase_shift_rad,mean_abs_phase_shift_rad,max_abs_phase_shift_rad,min_adjacent_phase_gap_rad,max_adjacent_phase_gap_rad
1,42,39.719801478543914,44.755606770370555,56.18998550192246,44.55179744300749,0.5952375617438151,0.6355587808417997,0.53179076876642,0.31953045047386863,0.9576567697304356,saved,0.770228572999285,93,36,0.6358499735084752,0.46349805788757603,0.08952810169084735,1.4122366208499784,0.40528087065295343,0.6447418367793023,0.0010662500061428988,0.16829545770699042,0.24617583728993236,0.06475614938049773,0.9014917122614214
1,43,39.27828133213932,51.158637876444985,55.8347241562781,45.295943005908754,0.5862366606299367,0.6220920588845117,0.4942569653918488,0.3281077907399077,0.9595473570454146,saved,0.7095629670928641,93,36,0.5751310157911743,0.4726162189039979,0.2035111176738319,1.1467027236852252,-0.5394360728346698,0.808208476768541,-0.04381139039650589,0.20112817055017773,0.2568802548242075,0.11473221786695653,0.9689412412931766
1,44,38.61609437842254,45.57157360711436,53.076894451604204,44.44262065651455,0.6338853650532016,0.6659236989425669,0.526717153987138,0.3928418011138257,0.9670880939588868,saved,0.7042760994732735,93,36,0.5125356529160982,0.52387418005733,0.10911639331985046,1.218458997840568,-0.27741960394942006,0.7813085076794893,-0.024538087251810753,0.1585197853888153,0.2586423297017856,0.13115864814071676,0.9720361549209156
1,45,39.2895708555828,46.9367756429184,55.81725069541288,45.5424558319017,0.5917256030155528,0.6244142649803027,0.5102116581020479,0.32852826188371864,0.963003619836667,saved,0.7317551528355767,93,36,0.5096627166995593,0.5112257240447872,0.11143415294319114,1.1253306444660789,0.28986012084262397,0.7059987450981992,-0.00509052618674338,0.16817411623563364,0.2464101263722328,0.16345931347985354,0.9383540314698036
1,46,40.074556478836186,46.22447783953669,56.232221953629384,45.32811774572624,0.5891867134793615,0.628322620775451,0.514475468283614,0.3185070858734881,0.9627967966057572,saved,0.746102306535537,93,36,0.6098097273685517,0.3941797991990814,0.1901662549386981,1.023937159405798,0.2752408160595496,0.6254789312798195,-0.018294150917867704,0.14961581448983727,0.20205679309931698,0.22327804721340824,0.8869082784137561
2,42,33.49323182014178,44.491112719178375,51.659206654670186,41.85062070685184,0.6540862746394983,0.6696143479162348,0.4847915112935579,0.42484311867663516,0.9651425782541776,saved,0.6196576365602018,171,72,0.6905541484313255,0.39809697298575725,0.1916358770228741,1.4480136868509728,0.021585885925731785,0.23356363448706374,0.01213935878504372,0.10387078811814475,0.21394795248267157,0.11042298306876885,0.8573322715735414
2,43,36.10616665907219,43.95961593280029,52.93023415132662,42.61315604941322,0.63267926515245,0.6816918930126478,0.5198047140307427,0.3961925238798466,0.9622667853766804,saved,0.6913590547385812,171,72,0.7436911443995523,0.37912808487464583,0.30616771095826834,1.651886674328452,-0.09056971687642507,0.38180394715961535,0.008818309018725863,0.12960880545132533,0.23236796054570688,0.21004569149773555,0.9808750739229685
2,44,34.848787381230025,43.59793220298628,53.22747605899113,43.44877217190554,0.6245636574488779,0.6732013269749119,0.4853651429038285,0.38939184234790136,0.967567998991972,saved,0.648128085868616,171,72,0.7521391009243054,0.3270547567208466,0.25731920809902176,1.2894360513953793,0.05718579649816602,0.20566391346300308,0.01923365878656745,0.09607473656929282,0.1768799692021709,0.269422248619275,0.8658023336789746
2,45,33.90608322214697,47.82409217085301,57.15424262328779,47.27027141768578,0.5501429252484252,0.6070391872278664,0.39320360413054034,0.2959754498653948,0.974005164958477,saved,0.5962797818077715,171,72,0.7521317621914984,0.31999755301988253,0.3513517917071174,1.4153657759516558,-0.07018758546637584,0.25285689227450187,0.03818254388587689,0.09441088430271816,0.2118419163419564,0.2562831417518212,0.7473626640799744
2,46,33.891209802732774,47.475442321588005,54.64877117356987,45.074284703775,0.6010181144937811,0.6278664731494921,0.48209111312799835,0.3563472081412874,0.9666962562999848,saved,0.6699061256679175,171,72,0.7408658288344078,0.43402913284697253,0.2542803266909437,1.6162937322777524,-0.024318231007201055,0.28078266268052166,0.006393551366312707,0.10517217072969491,0.21233209630956454,0.2864597157594182,0.9453879181259983
3,42,30.815730489358227,47.82361289327297,56.335128744630666,46.63843651242936,0.5685160133176161,0.5885755753680282,0.43103560359471715,0.3160104952441366,0.9706495925841224,saved,0.631827501338354,249,108,0.6709789123698324,0.3690005268374428,0.285411443141281,1.250439745270613,0.10078497568617945,0.2919700949980493,-0.01328116599894244,0.10376608515140225,0.21365180055339475,0.20309678640233386,0.8647275182555623
3,43,28.27193630496053,44.44320539873808,57.66611621566949,47.23662067538724,0.5778404299978356,0.6054530375285092,0.5185173551342613,0.28330848750111604,0.9605666704554622,saved,0.7812410586311723,249,108,0.6445067839221216,0.42095260827097614,0.1194106509949795,1.4128999398625681,0.017685257201771963,0.3598413145786524,0.015006759081403238,0.12633331430794384,0.22916110824184696,0.1649879155496743,0.8863060449267349
3,44,36.54792925326179,50.43516892406696,56.72287801391531,46.097931306261856,0.5610298220058104,0.6176342525399129,0.4371324871172596,0.3065624238122827,0.9629618714919476,saved,0.6482103480364779,249,108,0.6684415952771492,0.36440834205254363,0.19796042736037,1.5127642152190015,0.07620844521246331,0.3088264934301886,0.01316322108983544,0.07733139330469503,0.208636237952202,0.23861471483577046,0.7321089531278124
3,45,31.035906280781376,46.89343757645974,53.039957674126015,45.13785866667348,0.6297726983276126,0.6591540534936762,0.5110365303024379,0.3936865628169717,0.9736942115943278,saved,0.6809044266709439,249,108,0.6723720234685775,0.3858674580390653,0.14723651711308383,1.3753758874664554,0.06202650979165295,0.2689035420482807,0.014073579136566962,0.1215853415355781,0.20826805803725187,0.2077113856754198,0.9131098151437018
3,46,32.857744934282174,45.05271315838798,55.031580444230144,45.128476842351745,0.5944963318168875,0.6290483101803857,0.47636402020425295,0.3472981758839496,0.9696189337808055,saved,0.6692112793093589,249,108,0.6781312563965659,0.33909267394317444,0.2567821783329439,1.17931347227966,0.0658812597462736,0.29717987252781797,0.019355109525006926,0.06648809925193704,0.18000028805007995,0.3214016407238327,0.7372369867852786
4,42,24.10030765421142,45.71670590434049,56.68193941130518,46.02590940353789,0.5629431877634155,0.5887829151980096,0.4457811210202518,0.3075630120050076,0.9648919330435992,saved,0.6592655463361564,327,144,0.7001124456053885,0.4045449342388688,0.15810895624428012,1.6309731057864876,-0.01944350599197932,0.31929570642811,0.009003561825801818,0.12470752467482897,0.23257598586584263,0.17033910690527865,0.8933558982339531
4,43,33.68660510155677,45.75058241007653,56.26706166979066,46.16607244442357,0.5857679589757284,0.6111237818784988,0.46989822089010935,0.3176623611202033,0.969576231985827,saved,0.6843984621123435,327,144,0.666860104842338,0.34574327169124003,0.3663884143662163,1.1811362038054285,0.11626547680962217,0.2863694526698365,0.00513923869100935,0.07384116505272402,0.18884697335322034,0.23467442226662705,0.8305929140675883
4,44,22.638447315382674,46.89449002033345,57.71374537269671,47.469908841333904,0.5471663992829224,0.5938316400580551,0.4404600391510948,0.2821241001398318,0.9651626545078136,saved,0.6727487206570911,327,144,0.7051683968142765,0.3758978742679963,0.15585045670334452,1.5632167228924265,0.019171159202826586,0.2592544345817232,-0.014298625480912985,0.115257326653378,0.21656588629675144,0.18434608387379559,0.8839550544715827
4,45,27.472523963097355,45.67430071734691,54.07353785495993,44.937817890670026,0.6148658870408403,0.6387621812150114,0.5062874182240107,0.3698260803589195,0.972148048961104,saved,0.6932155667176495,327,144,0.6653233687185168,0.3618167220661092,0.18420537537814474,1.269566203189986,0.05075756717426718,0.23832904817799458,-0.0039941234135041255,0.07932990640140444,0.2453580641318439,0.05600479447264384,0.7956846382944838
4,46,33.79810280496725,47.90271399236085,55.37655103791711,46.32146425080498,0.5937695483280393,0.6337963922869584,0.4831509402351576,0.3390894832979032,0.9612698955003476,saved,0.6854409120428577,327,144,0.7120883288999217,0.3105210675198585,0.3514974145843722,1.2127163550763589,0.027127713518098007,0.24553224814400285,-0.015194580734006475,0.0647893898324269,0.15586598232313598,0.27494129264642275,0.746380527178379
5,42,17.666038033541184,48.83885323575274,57.6890113864277,44.336234417532495,0.5484959503567975,0.6314534522081691,0.4367333350012249,0.28273927864768544,0.9698196474964772,saved,0.6670143606204966,405,180,0.6749333766668353,0.41111825635273375,0.09229687005007448,1.4941067580871628,-0.03157980726295439,0.2215180154443709,0.002039458947902748,0.09953715548190864,0.2447541111241922,0.11211191749496052,0.9568621500269101
5,43,28.3090739125239,49.42083491359929,56.95613834713835,48.45971236076261,0.5515452970790736,0.6013684428778768,0.3708976588161593,0.3008474788228619,0.9679539893091532,saved,0.5611123047616087,405,180,0.6761795105000786,0.3566283790890854,0.18731948665385312,1.671293689991121,0.003834432882139282,0.23202960536432274,0.010465072028231881,0.08155163884075153,0.20590808705298272,0.215741117196524,0.9074975730269834
5,44,28.04767382158542,44.64883032221028,55.9380664974258,46.66217523232825,0.5707009241507117,0.5884511714700393,0.39148811103114634,0.32561833020586195,0.9786972898637086,saved,0.5687916611554845,405,180,0.6107726136639972,0.4087635727282839,0.21203421844432113,1.2894958670521308,0.043846831106055056,0.22884885740619365,0.01089211323879343,0.0863813957651271,0.2089794193389439,0.1909362316374449,0.7751401571956864
5,45,32.32423020885092,46.93819925476853,54.40398372426211,45.51926769759742,0.606028433656543,0.6530686294837238,0.39803381474950794,0.36210050315117726,0.9734941143947536,saved,0.545932284434486,405,180,0.6429350862952546,0.35925630585815965,0.31795084037570065,1.0657417646024339,-0.029372496447086265,0.21088628229261078,-0.00022442643697297252,0.06779639345892179,0.17304755496911967,0.2772606808012972,0.7444704906513757
5,46,35.297695656396236,47.40943478316305,54.603764239370506,46.343167676954344,0.6109782768727926,0.6566037735849055,0.4331820716736261,0.35740695420093926,0.9710759306187128,saved,0.5998619438027082,405,180,0.6952470227858739,0.3133543587094721,0.27503936130871653,1.075207492990296,-0.011778296078418762,0.27857859188722434,0.0023705956215969953,0.06839163472384259,0.17203416068238814,0.28688974280771085,0.8426134252291586
6,42,25.448852969154277,45.45515569710992,54.848325400562665,45.90525630384395,0.5938888893652313,0.6347086875388762,0.44522174985361984,0.3516379294688995,0.9716061490929802,saved,0.6222571673260974,483,216,0.5894769561959166,0.4129471464724407,0.12451726354803716,1.0684013034122306,-0.01961507852731769,0.22685902655553297,-0.014173994577392886,0.09534658826614824,0.22731913370202894,0.2372530455654811,0.9197526230112887
6,43,35.19220180409814,48.35513583860267,58.19351277721648,49.4685537524559,0.5214507796966341,0.5684739788513373,0.30823037760250316,0.2701392605223263,0.970127129366741,saved,0.5013182617825342,483,216,0.6267059326658102,0.37720742300498433,0.3608053254848461,1.1081637646999885,0.04618306493838139,0.21028396909541056,0.004265929259791652,0.06719324545400873,0.16484739878329016,0.2957236524932001,0.7661551773645472
6,44,26.736923042190206,44.919886836515325,56.70953806698087,45.983645806019055,0.5781902993557227,0.6330810698735226,0.49530760944781393,0.30688854734645377,0.9760751893501376,saved,0.7284038054229476,483,216,0.6422946777813263,0.4013852840769006,0.24670856886187953,1.476769805512337,0.02800225554790028,0.27648509343776156,0.006323611611623033,0.07215844111455713,0.17728561165408072,0.210441477917378,0.8771929040811615
6,45,30.846850133754977,47.34646935704226,56.504808298856055,47.06347468133587,0.5595814628933675,0.5744453659547999,0.3959939123070316,0.31188398236138415,0.9692805552243242,saved,0.587027138200995,483,216,0.6290609023311089,0.3790655965054824,0.2989412003721442,1.1105118404623553,0.030693528938093986,0.25930085581041223,-0.0038398790505616226,0.07041130780208306,0.18048412567572986,0.25585700593823635,0.8301559020400004
6,46,25.683702137746597,48.32347720329683,56.02679118598671,45.93527327503057,0.5689019524736755,0.5736471076093718,0.3966268493503282,0.3234773282129678,0.967379588220492,saved,0.5779135998957247,483,216,0.6839689357727146,0.4037859444448159,0.20667497608105223,1.6103259758501423,0.04081274803906834,0.23815420674555188,0.0006235929885634803,0.08744215970799814,0.24193009224697196,0.1869022492217569,0.9432446806844279
