encoding,depth,seed,tau,n_pairs,mean_fidelity,std_fidelity_over_time,median_fidelity,min_fidelity,max_fidelity,mean_infidelity,mean_log_fidelity,geometric_mean_fidelity,mean_fidelity_over_haar,median_fidelity_over_haar
learnable_seasonal_cdf,1,42,12,93,0.3655976951836405,0.1147379072786143,0.3745927521307278,0.1279971589577634,0.5600029203760692,0.6344023048163594,-1.0664342365871644,0.3442337878544124,5989.952637888767,6137.327650909845
learnable_seasonal_cdf,1,43,12,93,0.5126883795954317,0.1292190604160064,0.5063209322203215,0.2446307122444954,0.7655347147891717,0.4873116204045682,-0.7017636470735089,0.495710274421935,8399.886411291553,8295.562153497747
learnable_seasonal_cdf,1,44,12,93,0.4718228109387928,0.1372190553849053,0.4285142241450127,0.2404204086169777,0.7198583291466738,0.528177189061207,-0.7939507576878072,0.4520553017236465,7730.344934421182,7020.7770483918885
learnable_seasonal_cdf,1,45,12,93,0.5336034635598836,0.1327069299376618,0.5233128660369674,0.293679508458263,0.7948857094680453,0.4663965364401164,-0.6613992352263453,0.5161286436228661,8742.559146965134,8573.957997149673
learnable_seasonal_cdf,1,46,12,93,0.466136719642127,0.1114408484125158,0.4481597158600507,0.2628233552696375,0.769370470542487,0.533863280357873,-0.7914726404507872,0.4531769369567336,7637.18401461661,7342.648784651071
learnable_seasonal_cdf,2,42,12,93,0.1674628729775678,0.0753929615775622,0.149372620230217,0.0311084487553342,0.5603032128129818,0.8325371270224321,-1.8766551582098967,0.1531013500583794,2743.711710864471,2447.321009851876
learnable_seasonal_cdf,2,43,12,93,0.1038709982837577,0.0630975503547591,0.0951983767619773,0.0060450084889194,0.3647259116749975,0.8961290017162423,-2.481092712194054,0.0836517683257572,1701.8224358810876,1559.730204868236
learnable_seasonal_cdf,2,44,12,93,0.0981893737986143,0.0513137097156028,0.0936236182274991,0.016688554907746,0.3671882507136627,0.9018106262013856,-2.434981634044073,0.087599355879193,1608.7347003164978,1533.9293610393468
learnable_seasonal_cdf,2,45,12,93,0.0746850262810647,0.0657395146132518,0.0676234372832092,0.0006880635700167,0.4822218549718552,0.9253149737189352,-2.971586852106324,0.0512219641251271,1223.639470588965,1107.9423964480995
learnable_seasonal_cdf,2,46,12,93,0.0788700072424208,0.0530291531160635,0.0694480384661897,0.0061174826876519,0.2695375706819434,0.9211299927575792,-2.801339471502747,0.0607286638071201,1292.2061986598237,1137.8366622300532
learnable_seasonal_cdf,3,42,12,93,0.0552988798541892,0.0477939938991339,0.0500589394527621,0.0006886621751177,0.3505836454365527,0.9447011201458104,-3.312311331863801,0.0364318702220497,906.016847531036,820.1656639940545
learnable_seasonal_cdf,3,43,12,93,0.043894927234583,0.0404504118441529,0.0339321695376786,0.0032375913507194,0.2891489540636839,0.9561050727654168,-3.4379361669256503,0.0321309298212337,719.174487811409,555.9446657053262
learnable_seasonal_cdf,3,44,12,93,0.0629418207838923,0.0552965578148492,0.051302871143829,0.0073510127039758,0.4137166808813397,0.9370581792161078,-3.033107506166196,0.0481657300234773,1031.2387917232927,840.5462408204957
learnable_seasonal_cdf,3,45,12,93,0.0506232357361166,0.0451906734049508,0.041478888226411,0.0078823980844518,0.3185377022082413,0.9493767642638832,-3.2384738198444376,0.0392237118924927,829.4110943005353,679.5901047015179
learnable_seasonal_cdf,3,46,12,93,0.0656847476045606,0.0558497363323795,0.0554914650544447,0.0020383899616273,0.4046438283248966,0.9343152523954392,-3.094480846497092,0.0452985232438926,1076.178904753122,909.1721634520228
learnable_seasonal_cdf,4,42,12,93,0.0289453565672048,0.0413535444380901,0.018308340137132,6.491754848535512e-05,0.3352615411835263,0.9710546434327952,-4.305410794591751,0.0134953405900339,474.2407219970845,299.96384480677074
learnable_seasonal_cdf,4,43,12,93,0.034081867395457,0.0440923344117079,0.0232291024644865,0.0002463182414415,0.3340236198010513,0.9659181326045432,-3.993389336595796,0.0184371185004756,558.3973154071683,380.58561477814766
learnable_seasonal_cdf,4,44,12,93,0.03426211383473,0.0386833085721325,0.0236632847184195,0.0001598911189902,0.2547402538452289,0.96573788616527,-3.96251161851471,0.019015295097733,561.3504730682167,387.6992568265864
learnable_seasonal_cdf,4,45,12,93,0.0288356187085363,0.0379210529258559,0.022150262169478,0.0021782743957512,0.3369050921082934,0.9711643812914637,-3.9693847157640936,0.0188850492342718,472.4427769206594,362.90989538472775
learnable_seasonal_cdf,4,46,12,93,0.0192752377016184,0.0302498327023879,0.0122459049795692,5.255690129081508e-05,0.2287394418760991,0.9807247622983816,-4.678721815251932,0.0092908817641462,315.8054945033164,200.6369071852632
learnable_seasonal_cdf,5,42,12,93,0.0128992589189078,0.0192844707932695,0.0079742843030638,1.6791263255346463e-05,0.1618882087018709,0.987100741081092,-4.984490283279049,0.0068432652653643,211.3414581273865,130.6506740213981
learnable_seasonal_cdf,5,43,12,93,0.0118663173406098,0.0206424355077265,0.0051157625722059,0.0001143402379029,0.1701447655057761,0.9881336826593902,-5.388478907197269,0.0045689178007912,194.4177433085519,83.81665398302242
learnable_seasonal_cdf,5,44,12,93,0.0259070056319183,0.0343593697484509,0.0158631609014463,0.0003995867122587,0.2841796663797439,0.9740929943680818,-4.128637747019853,0.0161048027017382,424.4603802733499,259.90202820929755
learnable_seasonal_cdf,5,45,12,93,0.0272445875556058,0.0305470830209967,0.0182432544331108,0.0032187051313425,0.2407481039046702,0.972755412444394,-3.9875518635682594,0.0185450594270344,446.3753225110455,298.8974806320874
learnable_seasonal_cdf,5,46,12,93,0.0130116389266213,0.0290565893572278,0.0067314508792175,5.0502151619043714e-05,0.2683144915406376,0.9869883610733788,-5.339693225625944,0.0047973421862256,213.1826921737649,110.28809120510104
learnable_seasonal_cdf,6,42,12,93,0.0143856013519381,0.0277235059269079,0.0093286993790975,4.613890812309417e-05,0.2441562259237752,0.985614398648062,-5.107717658719486,0.0060498750580205,235.69369255015505,152.84141062713368
learnable_seasonal_cdf,6,43,12,93,0.0291180943020967,0.0365568863311325,0.0205711278180735,0.0006720525392348,0.2956418348403513,0.9708819056979032,-3.975998465064878,0.0187605603759322,477.0708570455534,337.03735817131763
learnable_seasonal_cdf,6,44,12,93,0.0090714841395917,0.0218275946217362,0.0032205947313734,5.3474701190256886e-06,0.1964092453083193,0.9909285158604084,-5.866264674101869,0.0028334374037255,148.6271961430719,52.76622407882246
learnable_seasonal_cdf,6,45,12,93,0.0154621673447928,0.0238321660626631,0.0092733930370875,1.233952638505835e-05,0.1880201859996308,0.9845378326552072,-4.958915073798696,0.0070205404705673,253.3321497770856,151.9352715196426
learnable_seasonal_cdf,6,46,12,93,0.0064977374852448,0.0155824206351632,0.0022191032387659,4.706535571014079e-07,0.1312659386201213,0.9935022625147552,-6.431741398254008,0.0016096453588529,106.45893095825096,36.357787463941406
learnable_seasonal_cdf_rz,1,42,12,93,0.4252613508206356,0.1296154576009872,0.4226472848232882,0.160482514930426,0.629506601253318,0.5747386491793643,-0.9100279557615868,0.4025129713196858,6967.481971845294,6924.653114544754
learnable_seasonal_cdf_rz,1,43,12,93,0.4740864563719612,0.1193522301434231,0.4829461497349206,0.2132044947529356,0.7100993701763361,0.5259135436280389,-0.7830921057319752,0.4569907606300719,7767.432501198212,7912.58971725694
learnable_seasonal_cdf_rz,1,44,12,93,0.5787275145135229,0.1319818159163834,0.6041039314947306,0.3456544502761128,0.8072063203684616,0.421272485486477,-0.5757101030700666,0.5623054321894432,9481.87159778956,9897.638813609668
learnable_seasonal_cdf_rz,1,45,12,93,0.5516257316646898,0.1325549307730029,0.5483577668345693,0.3108292003743678,0.826861729217079,0.4483742683353102,-0.6260568236839843,0.534696050369339,9037.835987594275,8984.293651817583
learnable_seasonal_cdf_rz,1,46,12,93,0.4694639039157281,0.1117524715186647,0.4500869779866667,0.2695093356816487,0.7721247051522493,0.5305360960842718,-0.7841926737825617,0.4564880878630413,7691.6966017552895,7374.225047333548
learnable_seasonal_cdf_rz,2,42,12,93,0.1387881461414571,0.0702755074682515,0.1222816622882941,0.0432189715224812,0.5131005784809949,0.8612118538585427,-2.0864699976196657,0.1241245232364349,2273.9049863816344,2003.4627549314107
learnable_seasonal_cdf_rz,2,43,12,93,0.1114303649699865,0.0656719724930009,0.1060135612682438,0.0150591947476288,0.3141641572495813,0.8885696350300137,-2.395126909632927,0.0911611089655678,1825.67509966826,1736.9261878189077
learnable_seasonal_cdf_rz,2,44,12,93,0.09845789137728,0.0516244525969469,0.0927564640046765,0.018474415687675,0.3811210052276462,0.90154210862272,-2.4292513659317287,0.0881027646309159,1613.1340923253565,1519.7219062526206
learnable_seasonal_cdf_rz,2,45,12,93,0.0814097965335903,0.0702994152347833,0.0685799002283025,0.0014238813916204,0.5109656595363785,0.9185902034664096,-2.8406952822388334,0.0583850577553828,1333.818106406345,1123.6130853405082
learnable_seasonal_cdf_rz,2,46,12,93,0.0999055040721111,0.0651187244998138,0.0855630303716488,0.0055019347207119,0.2977786284119135,0.9000944959278886,-2.559331260835944,0.0773564544404617,1636.8517787174694,1401.8646896090952
learnable_seasonal_cdf_rz,3,42,12,93,0.0551139915858035,0.049895701561767,0.0468388029748183,0.0008507462707266,0.3648119742872444,0.9448860084141965,-3.31125189135168,0.0364704880743417,902.987638141806,767.4069479394237
learnable_seasonal_cdf_rz,3,43,12,93,0.0673019461787686,0.0554449770362345,0.0539555010356736,0.0059032686442539,0.3708627239655178,0.9326980538212314,-2.9942899556820195,0.0500721679256322,1102.675086192946,884.0069289684778
learnable_seasonal_cdf_rz,3,44,12,93,0.0735124623613895,0.0597555527296446,0.0625582136240383,0.0065228771478359,0.4496215891033912,0.9264875376386104,-2.854666169163725,0.0575750382362416,1204.428183329007,1024.9537720162436
learnable_seasonal_cdf_rz,3,45,12,93,0.0616380481157304,0.049494878817857,0.0497029118012222,0.0040134431221209,0.3531967563634913,0.9383619518842694,-3.045158307259699,0.0475887777421864,1009.877780328128,814.3325069512246
learnable_seasonal_cdf_rz,3,46,12,93,0.0629683898779537,0.0537806663297067,0.0548639253449497,0.0012182479406141,0.3943484959728197,0.937031610122046,-3.1512276817091966,0.0427995503748878,1031.6740997603945,898.8905528516561
learnable_seasonal_cdf_rz,4,42,12,93,0.0215579290736485,0.0341270957388874,0.0128287112699421,2.416420886997483e-05,0.258973110726225,0.9784420709263514,-4.608323403032199,0.0099685174912358,353.2051099426579,210.18560544673164
learnable_seasonal_cdf_rz,4,43,12,93,0.0331855730999008,0.0427610410887425,0.0225496086368757,4.861686372718251e-06,0.3052155432233223,0.9668144269000992,-4.106334180205933,0.0164680328515279,543.712429668775,369.4527879065717
learnable_seasonal_cdf_rz,4,44,12,93,0.0227646643360524,0.0311669578997854,0.0155183710586851,4.493865716449137e-06,0.2107528694047244,0.9772353356639476,-4.616462052723336,0.0098877164710388,372.9762604818829,254.25299142549684
learnable_seasonal_cdf_rz,4,45,12,93,0.027181398056454,0.0401843558496686,0.0191177159163701,0.0015653577405131,0.3526546261355821,0.972818601943546,-4.134161654792965,0.0160160865125204,445.3400257569428,313.2246575738081
learnable_seasonal_cdf_rz,4,46,12,93,0.0202493615803217,0.0309308467295891,0.0119126449519889,0.0001453425251979,0.2307927994744568,0.9797506384196784,-4.654971129128492,0.0095141879208954,331.765540131991,195.17677489338644
learnable_seasonal_cdf_rz,5,42,12,93,0.0094743384163951,0.013170764451358,0.0051960096333098,1.5157379374559168e-06,0.1014452986466736,0.9905256615836048,-5.505101565860062,0.0040659755955993,155.22756061421748,85.13142183214842
learnable_seasonal_cdf_rz,5,43,12,93,0.00999971579318,0.0207678340155014,0.0039345812774008,8.38750601579949e-06,0.1831165422032963,0.99000028420682,-5.753299081343342,0.0031722978453262,163.83534355546198,64.4641796489357
learnable_seasonal_cdf_rz,5,44,12,93,0.0259914244787399,0.0356274544169413,0.0176768702562604,0.0008216718673394,0.2904364177507162,0.97400857552126,-4.14425068113232,0.0158553121857959,425.8434986596751,289.617842278572
learnable_seasonal_cdf_rz,5,45,12,93,0.0226730891134199,0.0275923171163769,0.014439793633254,0.0015291261025522,0.2210081877772821,0.9773269108865796,-4.224326686841883,0.0146351854558424,371.4758920342732,236.58157888723463
learnable_seasonal_cdf_rz,5,46,12,93,0.0125857894070103,0.0293612044535275,0.0065625040243674,2.652586123360685e-05,0.2672041421585368,0.9874142105929896,-5.467694122528315,0.0042209539476784,206.20557364445744,107.52006593523684
learnable_seasonal_cdf_rz,6,42,12,93,0.0172112275101611,0.0283882898226396,0.0114238036751523,0.0002829717990626,0.2451726472952711,0.982788772489839,-4.805359547557456,0.008185757316157,281.98875152648094,187.1675994136961
learnable_seasonal_cdf_rz,6,43,12,93,0.0156729470003645,0.0279885368994018,0.0087270472020202,0.0002670824680663,0.2337301068152601,0.9843270529996354,-4.812691656980126,0.0081259579434796,256.7855636539731,142.98394135790002
learnable_seasonal_cdf_rz,6,44,12,93,0.0080858867333626,0.0222638163520428,0.0032229491172809,1.941675079921164e-05,0.2030246503768557,0.9919141132666373,-6.04320405315166,0.0023739404837185,132.4791682394141,52.80479833753032
learnable_seasonal_cdf_rz,6,45,12,93,0.0134624574062755,0.0241849636267358,0.0067224302775108,4.725215575862777e-05,0.1919955010110312,0.9865375425937244,-5.280486429360431,0.0050899542872169,220.5689021444188,110.14029766673822
learnable_seasonal_cdf_rz,6,46,12,93,0.0058019846107376,0.0167096357801513,0.0011608772834909,5.819332248554865e-06,0.1385175717138951,0.9941980153892624,-6.8970361462547904,0.0010107767884528,95.05971586232558,19.019813412715937
ry,1,42,12,93,0.0055234276221065,0.0253278014065823,0.0011050554671106,7.98320956925602e-07,0.2431467550228108,0.9944765723778936,-7.117241013000536,0.0008110012090788,90.49583816059427,18.105228773140507
ry,1,43,12,93,0.0055234276221065,0.0253278014065818,0.0011050554671106,7.9832095692558e-07,0.2431467550228058,0.9944765723778936,-7.117241013000536,0.0008110012090788,90.49583816059354,18.10522877314057
ry,1,44,12,93,0.0055234276221065,0.0253278014065817,0.0011050554671106,7.983209569255702e-07,0.2431467550228054,0.9944765723778936,-7.117241013000538,0.0008110012090788,90.49583816059328,18.105228773140908
ry,1,45,12,93,0.0055234276221065,0.0253278014065819,0.0011050554671106,7.983209569256173e-07,0.2431467550228077,0.9944765723778936,-7.1172410130005375,0.0008110012090788,90.49583816059376,18.105228773140823
ry,1,46,12,93,0.0055234276221065,0.025327801406582,0.0011050554671106,7.983209569256192e-07,0.243146755022808,0.9944765723778936,-7.117241013000536,0.0008110012090788,90.4958381605938,18.105228773140816
ry,2,42,12,93,0.0019081130389273,0.009391836541095,0.0002436268932735,4.816629332451543e-07,0.0886239963088059,0.9980918869610726,-8.525641424334427,0.0001983174706235,31.26252402978575,3.991583019394336
ry,2,43,12,93,0.0019955919838868,0.0095198849147139,0.0001794177806971,1.0646460622144325e-07,0.0840687097282521,0.9980044080161132,-9.038188704896774,0.0001187857978502,32.69577906400243,2.9395809189419886
ry,2,44,12,93,0.0013059924951853,0.0047589905164674,0.0001867283401415,4.5273770271983686e-07,0.0417341887318446,0.9986940075048144,-8.625675396608028,0.000179438972017,21.39738104111741,3.059357124878696
ry,2,45,12,93,0.0022652773646517,0.0085632071348615,0.000222816472045,2.382557849277009e-07,0.0782147672214678,0.9977347226353483,-8.31142543557375,0.0002456935732755,37.114304342453536,3.6506250779857568
ry,2,46,12,93,0.0020343132640007,0.005852678328754,0.0003012497177379,5.490161135472716e-08,0.0435039414091822,0.9979656867359994,-8.28898925247903,0.0002512683032522,33.330188517388336,4.935675375418273
ry,3,42,12,93,0.0004025360346017,0.0015911535832186,7.400925857158611e-05,4.952936140281106e-07,0.0149739715778514,0.9995974639653984,-9.453322769288013,7.842853191799597e-05,6.595150390914857,1.212567692436867
ry,3,43,12,93,0.0003128952519769,0.0008311041245843,9.626834423481368e-05,1.3460045779379324e-07,0.0072710554860664,0.999687104748023,-9.429037325208546,8.035651990948785e-05,5.126475808390479,1.5772605519431877
ry,3,44,12,93,0.0005447664967442,0.0021023608427177,0.0001049901172225,2.772691141477443e-07,0.0180849751168482,0.9994552335032556,-9.320548459253082,8.956477430043656e-05,8.925454282658482,1.7201580805749346
ry,3,45,12,93,0.0004995273736543,0.0016492268823076,9.702042730703454e-05,3.1741352580571887e-06,0.0144262851947747,0.9995004726263456,-9.185012853959469,0.0001025650984696,8.184256489953352,1.589582680998454
ry,3,46,12,93,0.0006802280121475,0.00241473562747,8.7875626514019e-05,4.507288303885215e-07,0.0187181620239547,0.9993197719878524,-9.259519942945673,9.520101609608852e-05,11.144855751025302,1.4397542648056874
ry,4,42,12,93,0.0001555132152947,0.0003409717049579,5.079268045027118e-05,8.947275866782106e-07,0.0029156564778413,0.9998444867847054,-9.766803773094402,5.732327776078893e-05,2.547928519388688,0.832187276497243
ry,4,43,12,93,0.0001595933276517,0.000496938788715,5.587192513314375e-05,5.626359763839263e-07,0.0034525565418574,0.999840406672348,-9.929071259230028,4.873703916111803e-05,2.6147770802468795,0.9154056213814272
ry,4,44,12,93,0.0001979257209492,0.000636045835237,8.372601496014978e-05,3.938549237313528e-07,0.005985482729017,0.9998020742790508,-9.738912085317168,5.894462669678035e-05,3.2428150120321906,1.371767029107094
ry,4,45,12,93,0.0001817893611849,0.0003850181051373,7.328777321177714e-05,4.908244032938223e-08,0.0030128135042434,0.9998182106388152,-9.636435407681306,6.530542756978844e-05,2.978436893654281,1.2007468763017566
ry,4,46,12,93,0.0002251805266141,0.0007246242973074,6.409749917618984e-05,9.613419191464382e-07,0.0061336604060683,0.999774819473386,-9.648305966144706,6.453479862093872e-05,3.689357748045665,1.0501734265026943
ry,5,42,12,93,9.520271939447573e-05,0.0001690614535882,5.708497447171592e-05,8.984118080890779e-07,0.0015116031468583,0.9999047972806056,-9.968706670990734,4.684310785484927e-05,1.55980135455909,0.9352802217445936
ry,5,43,12,93,0.0001084142686586,0.0002110049777424,4.478865960128672e-05,4.47288800964135e-07,0.0013222277456857,0.9998915857313416,-10.088942065413123,4.153633110427785e-05,1.7762593777037343,0.7338173989074815
ry,5,44,12,93,9.49004257123412e-05,0.0001458233752551,5.375386554498712e-05,2.711147571393997e-06,0.001004077950762,0.9999050995742876,-9.910446128661658,4.965327893525504e-05,1.5548485748709984,0.8807033330890689
ry,5,45,12,93,0.0001107666674025,0.0001645125217796,7.195009842447665e-05,2.948881384004789e-07,0.001179308504611,0.9998892333325974,-9.841283201894642,5.320898941661545e-05,1.8148010787238045,1.1788304125866254
ry,5,46,12,93,8.572492527873896e-05,0.000187235369293,4.642242546133172e-05,2.8227063311946378e-08,0.0016143086310738,0.9999142750747214,-10.4320234351208,2.9473369382586903e-05,1.404517175766859,0.7605850187584589
ry,6,42,12,93,8.43922848301764e-05,8.636918954676453e-05,5.126201185801118e-05,1.760365762896211e-07,0.0004021242419062,0.99991560771517,-9.962368994709609,4.714092705241416e-05,1.38268319465761,0.8398768022816552
ry,6,43,12,93,6.371844251791846e-05,6.26276254421424e-05,4.220221295513885e-05,3.020745629817552e-07,0.0002651774121159,0.9999362815574822,-10.284658138509164,3.415306794971845e-05,1.043962962213576,0.691441057056995
ry,6,44,12,93,8.369874625305564e-05,9.233277235954928e-05,5.6232694578574174e-05,1.7421403667267417e-06,0.0004830980787768,0.9999163012537472,-9.903859201666284,4.9981420996141344e-05,1.3713202586100637,0.9213164679753592
ry,6,45,12,93,7.106369105169716e-05,6.734761657991289e-05,5.387691980184992e-05,7.002239288084409e-08,0.0003245407311767,0.9999289363089484,-10.137684357330008,3.956030437105401e-05,1.1643075141910062,0.8827194540335092
ry,6,46,12,93,6.87528979011926e-05,8.088434107054454e-05,3.934375167511395e-05,7.10401008494812e-08,0.0004800325101906,0.9999312471020988,-10.31384235095237,3.317074149222375e-05,1.1264474792131396,0.644608027445067
same_scalar_rxryrz,1,42,12,93,0.0087223762098494,0.0130487482427422,0.0035752304401576,0.0001636634848424,0.0638640009282082,0.9912776237901506,-5.602097936739367,0.0036901139644221,142.90741182217363,58.57657553154319
same_scalar_rxryrz,1,43,12,93,0.0087223762098494,0.0130487482427422,0.0035752304401576,0.0001636634848424,0.0638640009282087,0.9912776237901506,-5.602097936739367,0.0036901139644221,142.90741182217388,58.57657553154333
same_scalar_rxryrz,1,44,12,93,0.0087223762098494,0.0130487482427422,0.0035752304401577,0.0001636634848424,0.0638640009282078,0.9912776237901506,-5.602097936739366,0.0036901139644221,142.90741182217366,58.57657553154387
same_scalar_rxryrz,1,45,12,93,0.0087223762098494,0.0130487482427422,0.0035752304401577,0.0001636634848424,0.0638640009282079,0.9912776237901506,-5.602097936739369,0.0036901139644221,142.90741182217312,58.5765755315438
same_scalar_rxryrz,1,46,12,93,0.0087223762098494,0.0130487482427422,0.0035752304401576,0.0001636634848424,0.063864000928208,0.9912776237901506,-5.602097936739366,0.0036901139644221,142.90741182217354,58.57657553154323
same_scalar_rxryrz,2,42,12,93,0.0010140881736537,0.0022647548688877,0.0001714018004124,2.682903337358204e-07,0.0108244434198755,0.9989859118263464,-8.703925641543064,0.0001659331367283,16.614820637142696,2.8082470979580574
same_scalar_rxryrz,2,43,12,93,0.0009297497909559,0.0036038448769798,0.000145272944812,2.082348911973032e-06,0.0309673166418665,0.999070250209044,-8.783280522297504,0.0001532744393238,15.23302057502198,2.380151927801061
same_scalar_rxryrz,2,44,12,93,0.0009534375555003,0.0037141656466912,0.0001262207714175,1.8271143867535922e-07,0.0337572882750566,0.9990465624444994,-8.910090447404707,0.0001350196212621,15.621120909318227,2.068001118904716
same_scalar_rxryrz,2,45,12,93,0.0006343914093071,0.001105471631497,0.0001382198018827,2.3190414584101865e-07,0.0045069307309697,0.999365608590693,-8.860902927339835,0.0001418269469035,10.393868850088912,2.2645932340474286
same_scalar_rxryrz,2,46,12,93,0.000988364846691,0.0019091206855947,0.0001793644677182,1.1907577153225325e-06,0.0092202945401888,0.9990116351533088,-8.582250048258233,0.000187402837239,16.193369648185712,2.938707439095148
same_scalar_rxryrz,3,42,12,93,0.0001699140690475,0.0002420522594678,8.196990995336503e-05,2.033399296319961e-06,0.0013609180846867,0.9998300859309524,-9.570226950100208,6.977554623165629e-05,2.7838721072750268,1.3429950046759327
same_scalar_rxryrz,3,43,12,93,0.0001766645128257,0.0002359816976911,0.0001091537236635,1.338390871319157e-07,0.001510585547583,0.9998233354871744,-9.389788597023207,8.357312197676295e-05,2.894471378137462,1.7883746085034855
same_scalar_rxryrz,3,44,12,93,0.0001289269742175,0.0001886818644533,7.541113056118253e-05,5.887043427675982e-07,0.0014225277564057,0.9998710730257826,-9.670903483822926,6.309282622771302e-05,2.1123395455796885,1.2355359631144145
same_scalar_rxryrz,3,45,12,93,0.0001788552019347,0.0003342356336396,7.266064949991804e-05,1.937918045237888e-06,0.0026556425730963,0.9998211447980652,-9.587986568398591,6.854729805610785e-05,2.930363628499075,1.1904720814066572
same_scalar_rxryrz,3,46,12,93,0.0001831732134705,0.0003315033241501,6.814062782099697e-05,3.1627674133626245e-07,0.0023187589913626,0.9998168267865294,-9.678514278255763,6.261446237066486e-05,3.001109929501597,1.1164160462192143
same_scalar_rxryrz,4,42,12,93,0.0001159526071163,0.0001501854032946,6.647312489829044e-05,3.759927267257492e-06,0.0009405638017165,0.9998840473928838,-9.739791538641704,5.889281043719891e-05,1.8997675149950088,1.0890956783335906
same_scalar_rxryrz,4,43,12,93,0.0001057489037751,0.0001312147016943,6.58970677702004e-05,4.992007090606116e-07,0.0006187164788013,0.9998942510962252,-9.898574265470248,5.024626885265968e-05,1.732590039451423,1.0796575583469634
same_scalar_rxryrz,4,44,12,93,7.407910020853259e-05,9.543541341237978e-05,4.132208274377096e-05,1.7629018463154827e-06,0.0006803892387133,0.9999259208997916,-10.142995458836252,3.9350752547008346e-05,1.213711977816598,0.6770210036739435
same_scalar_rxryrz,4,45,12,93,9.500541801364204e-05,0.0001459430937729,5.279904890682889e-05,1.4727545958093665e-06,0.0010753415853905,0.9999049945819865,-10.019860419063171,4.4507162839349405e-05,1.5565687687355112,0.8650596172894846
same_scalar_rxryrz,4,46,12,93,9.807424675498668e-05,0.0001329502799097,5.318099798846915e-05,1.1858428708348397e-07,0.0008118003840694,0.9999019257532448,-9.899189142115278,5.021538309188181e-05,1.606848458833702,0.8713174710430786
same_scalar_rxryrz,5,42,12,93,6.534132545797989e-05,6.309433465326708e-05,5.40318052790626e-05,7.297789823414923e-07,0.0004133132750344,0.9999346586745422,-10.131374547052978,3.981071156628119e-05,1.0705522763035424,0.8852570976921617
same_scalar_rxryrz,5,43,12,93,7.936344926591278e-05,6.544275118720542e-05,6.640161934651943e-05,3.5759368847622765e-07,0.0003119218656016,0.999920636550734,-9.923448541704271,4.901184562091254e-05,1.300290752772715,1.0879241313733743
same_scalar_rxryrz,5,44,12,93,7.305033946383883e-05,9.557648504200616e-05,4.7844230549779786e-05,1.283717260531196e-07,0.0007120631490881,0.9999269496605362,-10.149709759675137,3.908742477638109e-05,1.1968567617755357,0.783879873327592
same_scalar_rxryrz,5,45,12,93,5.905548804117538e-05,6.653609552792306e-05,3.707645621937412e-05,6.376801602587822e-07,0.0004865070533379,0.9999409445119593,-10.35481388146959,3.1839150377445e-05,0.9675651160666174,0.6074606586982256
same_scalar_rxryrz,5,46,12,93,6.179606208207885e-05,7.77237059846473e-05,3.1213325653504855e-05,5.381855168435395e-07,0.0004959838830691,0.999938203937918,-10.297744440400182,3.370904225580955e-05,1.0124666811527798,0.5113991275070235
same_scalar_rxryrz,6,42,12,93,6.309633286203375e-05,7.252696498424269e-05,4.075636832712932e-05,8.296956486767851e-07,0.0003931841522977,0.999936903667138,-10.33538888905304,3.246367165517339e-05,1.033770317611561,0.6677523386716868
same_scalar_rxryrz,6,43,12,93,6.045996961750839e-05,5.627294232263816e-05,4.111859120593859e-05,1.7131692480391662e-06,0.0002273671661508,0.9999395400303824,-10.181522593321702,3.786351428518587e-05,0.9905761422132574,0.6736869983180979
same_scalar_rxryrz,6,44,12,93,7.14393029914483e-05,6.24175061661944e-05,5.075465745038702e-05,2.784373577588851e-07,0.0003144101197984,0.9999285606970084,-9.992669478070283,4.573395774715841e-05,1.170461540211889,0.831564307667141
same_scalar_rxryrz,6,45,12,93,6.404009541866343e-05,7.244245682940691e-05,3.8859016613170375e-05,1.5691691962366494e-06,0.0004734414252302,0.9999359599045812,-10.205045092723612,3.698326323260718e-05,1.0492329233393816,0.6366661281901834
same_scalar_rxryrz,6,46,12,93,5.311324756304615e-05,4.933380859170368e-05,3.892188295880868e-05,1.931218160486124e-06,0.0002120562727915,0.9999468867524368,-10.386273523630544,3.0853093915987486e-05,0.8702074480729481,0.6376961303971214
seasonal_meridian,1,42,12,93,0.1539893565373722,0.0739200264202982,0.1495065649115163,0.0258207265044785,0.5358737519644882,0.8460106434626276,-1.9796564128488892,0.1381166842774137,2522.9616175083065,2449.515559510284
seasonal_meridian,1,43,12,93,0.1539893565373721,0.0739200264202984,0.1495065649115167,0.0258207265044788,0.535873751964495,0.8460106434626279,-1.9796564128488905,0.1381166842774136,2522.961617508305,2449.5155595102906
seasonal_meridian,1,44,12,93,0.1539893565373721,0.0739200264202976,0.1495065649115167,0.0258207265044783,0.5358737519644812,0.8460106434626278,-1.9796564128488905,0.1381166842774136,2522.961617508305,2449.5155595102906
seasonal_meridian,1,45,12,93,0.153989356537372,0.0739200264202978,0.1495065649115174,0.0258207265044785,0.5358737519644853,0.846010643462628,-1.9796564128488905,0.1381166842774135,2522.961617508303,2449.515559510301
seasonal_meridian,1,46,12,93,0.1539893565373718,0.0739200264202979,0.1495065649115154,0.0258207265044784,0.5358737519644872,0.8460106434626282,-1.979656412848892,0.1381166842774134,2522.9616175083006,2449.5155595102683
seasonal_meridian,2,42,12,93,0.0305106913101051,0.0356411029821629,0.0235103464913725,0.0008862227120103,0.2810947227634727,0.9694893086898948,-3.901555984607189,0.0202104398341958,499.8871664247624,385.1935169146475
seasonal_meridian,2,43,12,93,0.0293263566609685,0.0355890599181735,0.0236268377471792,0.0006521941010098,0.301357740470865,0.9706736433390316,-3.967216470315753,0.0189260410804481,480.4830275333095,387.1021096497856
seasonal_meridian,2,44,12,93,0.0274664448442358,0.0354118250057879,0.01995056955592,0.0003395371497851,0.2776793010720777,0.972533555155764,-4.093380128997607,0.0166827483073293,450.0102323279597,326.87013160419406
seasonal_meridian,2,45,12,93,0.0309976838981556,0.0370741041958596,0.0217682000893606,2.3955374891528934e-06,0.2911965046545973,0.9690023161018442,-4.011713302213357,0.0181023538498379,507.86605298738186,356.6501902640848
seasonal_meridian,2,46,12,93,0.0295303047389298,0.0406983945125097,0.0191249968437119,6.193175059155213e-05,0.3153834513228104,0.97046969526107,-4.10410965458985,0.0165047071888304,483.824512842626,313.3439482873759
seasonal_meridian,3,42,12,93,0.0083141414676896,0.0180768495375258,0.0037284844206259,2.045308104240106e-06,0.1527606622109839,0.9916858585323104,-5.86894508424782,0.0028258527988276,136.21889380662714,61.087488747536206
seasonal_meridian,3,43,12,93,0.0098066279808195,0.0213947152511814,0.0044311702553993,5.851165776848875e-06,0.1862727342323158,0.9901933720191805,-5.5796428517670975,0.0037739131245339,160.6717928377478,72.60029346446238
seasonal_meridian,3,44,12,93,0.0069626057097547,0.0181270310483353,0.0024965665779384,2.6008765774349502e-05,0.1603656545339152,0.9930373942902452,-6.1513232452881,0.0021306605173545,114.07533194862108,40.90374681294274
seasonal_meridian,3,45,12,93,0.0076847857216643,0.0188191645667326,0.0038616876271104,2.648488067806812e-05,0.1692203283152617,0.9923152142783356,-6.004092981697402,0.0024686274237236,125.90752926374908,63.26989008257724
seasonal_meridian,3,46,12,93,0.0076252624060878,0.0193824175036828,0.0037294398900429,3.620481397859006e-05,0.1723755539977913,0.992374737593912,-6.043797639227969,0.002372531763841,124.93229926134252,61.103143158463865
seasonal_meridian,4,42,12,93,0.0027230189417774,0.0086941445797221,0.0006103321615354,5.709065310290184e-06,0.0758525783089502,0.9972769810582226,-7.467240161625662,0.0005715033793487,44.61394234208204,9.999682134597617
seasonal_meridian,4,43,12,93,0.0025120194193191,0.0094248876096054,0.0006980382875841,2.450223636852648e-06,0.0877360882853168,0.9974879805806808,-7.427609643205999,0.0005946071377367,41.15692616612496,11.436659303779088
seasonal_meridian,4,44,12,93,0.0022336984823567,0.0084981116417549,0.0006378680281992,7.868157933726701e-07,0.0800031413483674,0.9977663015176432,-7.494849158101212,0.0005559405698969,36.59691593493233,10.450829774017096
seasonal_meridian,4,45,12,93,0.0025583733529902,0.0110820018733616,0.0008039211179186,3.457093191626225e-05,0.1063049791583826,0.99744162664701,-7.272418668476279,0.0006944303640967,41.91638901539192,13.17144359597852
seasonal_meridian,4,46,12,93,0.0023944478268585,0.0088033520193893,0.00077345345756,6.323724406297169e-07,0.0833197183595594,0.9976055521731414,-7.278076357385117,0.0006905125863621,39.23063319525049,12.672261448664624
seasonal_meridian,5,42,12,93,0.0012133769170123,0.0051610464141588,0.0001967190426574,2.288026798731745e-07,0.0478644402342796,0.9987866230829876,-8.543495774574104,0.0001948080633638,19.87996740833044,3.223044794900281
seasonal_meridian,5,43,12,93,0.0010061862460427,0.0049788731677694,0.000177223374365,6.304509707823521e-07,0.0475012367914716,0.9989938137539572,-8.801446285361928,0.0001505152296267,16.48535545516404,2.9036277655961964
seasonal_meridian,5,44,12,93,0.0008076586836623,0.0042469973731992,0.0001359654438152,5.288233882698944e-06,0.0406540054286387,0.9991923413163378,-8.804057939733843,0.0001501226487351,13.232679873123985,2.227657831469513
seasonal_meridian,5,45,12,93,0.0010221922060338,0.0046384217369057,0.0002504774663557,4.319012020171327e-06,0.0441537190816453,0.9989778077939662,-8.445931184821204,0.0002147725096164,16.747597103657878,4.103822808773077
seasonal_meridian,5,46,12,93,0.0009428917378372,0.0038554185959141,0.0001737869166609,1.4369266220465103e-06,0.0361490584813099,0.9990571082621628,-8.651123055259374,0.000174930281428,15.448338232725987,2.847324842572449
seasonal_meridian,6,42,12,93,0.0005153378119351,0.0028320699334767,8.637702663319374e-05,1.111233199726161e-06,0.0270515286273203,0.9994846621880648,-9.397619063371764,8.292126097609501e-05,8.443294710744748,1.4152012043582465
seasonal_meridian,6,43,12,93,0.0005413769335341,0.0028455426955493,8.658289883412392e-05,2.038286931651778e-06,0.0267065900326889,0.999458623066466,-9.431862485197104,8.012982026678399e-05,8.869919679022889,1.4185742144982862
seasonal_meridian,6,44,12,93,0.0005496077106367,0.0034173451011391,8.937585231799878e-05,8.288719107284806e-07,0.0329545484896681,0.9994503922893632,-9.33014448124558,8.870941932275811e-05,9.004772731073196,1.464333964378092
seasonal_meridian,6,45,12,93,0.0003707471075013,0.0018815265198466,7.36183405704467e-05,9.884921165032976e-07,0.0178213035110305,0.9996292528924986,-9.393774571308924,8.324066468486801e-05,6.074320609301858,1.2061628919061986
seasonal_meridian,6,46,12,93,0.0004295258440752,0.0022501038822979,8.71950954009275e-05,8.858139649841142e-07,0.0215387296861925,0.9995704741559246,-9.491141207586086,7.551787252137925e-05,7.03735142932928,1.428604443048796
