encoding,depth,seed,pair_index,target_index_t,target_index_t_plus_12,epsilon,delta_norm,exact_fidelity_tau12,exact_infidelity_tau12,D_state_derivative,D_fidelity_curvature,relative_method_difference
ry,6,42,0,434,446,0.01,1.1663426585041494,3.33865937182031e-05,0.9999666134062818,21.769810356824003,21.792786765659766,0.0010554253095990396
ry,6,42,0,434,446,0.003,1.1663426585041494,3.33865937182031e-05,0.9999666134062818,21.8125230148099,21.814594847840368,9.498364902859081e-05
ry,6,42,0,434,446,0.001,1.1663426585041494,3.33865937182031e-05,0.9999666134062818,21.81628319105021,21.816513436578866,1.0553838462722841e-05
ry,6,42,0,434,446,0.0003,1.1663426585041494,3.33865937182031e-05,0.9999666134062818,21.816710964562095,21.8167317131732,9.510421227229006e-07
ry,6,42,6,440,452,0.01,1.9555505215100843,0.00015293645132791084,0.9998470635486721,57.9197005989845,58.08775986533843,0.0029015907301992378
ry,6,42,6,440,452,0.003,1.9555505215100843,0.00015293645132791084,0.9998470635486721,58.2286329445245,58.24383816058518,0.000261129538712765
ry,6,42,6,440,452,0.001,1.9555505215100843,0.00015293645132791084,0.9998470635486721,58.2558961734937,58.25758642558077,2.901426633335217e-05
ry,6,42,6,440,452,0.0003,1.9555505215100843,0.00015293645132791084,0.9998470635486721,58.258998437039665,58.2591505809354,2.6115089482187744e-06
ry,6,42,12,446,458,0.01,1.8489683281196787,0.0002263544178080042,0.999773645582192,52.65629821004717,52.78500474375169,0.0024442761470073373
ry,6,42,12,446,458,0.003,1.8489683281196787,0.0002263544178080042,0.999773645582192,52.902886081590204,52.91452356439821,0.00021997822179412678
ry,6,42,12,446,458,0.001,1.8489683281196787,0.0002263544178080042,0.999773645582192,52.92463654911049,52.925930131619836,2.4441972466783022e-05
ry,6,42,12,446,458,0.0003,1.8489683281196787,0.0002263544178080042,0.999773645582192,52.92711140794799,52.92722782576951,2.19958766738784e-06
ry,6,42,18,452,464,0.01,1.8362243881506015,5.494556315676638e-05,0.9999450544368432,48.57070228307904,48.68914057746865,0.002438471935187023
ry,6,42,18,452,464,0.003,1.8362243881506015,5.494556315676638e-05,0.9999450544368432,48.78501707667829,48.79572283060672,0.00021944757980933423
ry,6,42,18,452,464,0.001,1.8362243881506015,5.494556315676638e-05,0.9999450544368432,48.80391734601189,48.805107329130685,2.4382942671487356e-05
ry,6,42,18,452,464,0.0003,1.8362243881506015,5.494556315676638e-05,0.9999450544368432,48.80606786125411,48.80617496384589,2.1944523801484162e-06
ry,6,42,25,459,471,0.01,1.8255469467011034,6.140943754722559e-05,0.9999385905624528,42.43612871836614,42.53035218202028,0.0022203595497475043
ry,6,42,25,459,471,0.003,1.8255469467011034,6.140943754722559e-05,0.9999385905624528,42.603611376526764,42.61212436953062,0.000199818577083002
ry,6,42,25,459,471,0.001,1.8255469467011034,6.140943754722559e-05,0.9999385905624528,42.6183768216038,42.61932303112337,2.220191359068962e-05
ry,6,42,25,459,471,0.0003,1.8255469467011034,6.140943754722559e-05,0.9999385905624528,42.62005681873391,42.62014197243937,1.9979725936330743e-06
ry,6,42,31,465,477,0.01,1.3459454543930762,5.1262011858011777e-05,0.999948737988142,27.098910824650726,27.135037066218224,0.0013331252241560712
ry,6,42,31,465,477,0.003,1.3459454543930762,5.1262011858011777e-05,0.999948737988142,27.164950286884032,27.16820950761213,0.00011997889536616136
ry,6,42,31,465,477,0.001,1.3459454543930762,5.1262011858011777e-05,0.999948737988142,27.17076611422676,27.17112833144908,1.3331137620419694e-05
ry,6,42,31,465,477,0.0003,1.3459454543930762,5.1262011858011777e-05,0.999948737988142,27.171427768738198,27.171460412509266,1.201400653121198e-06
ry,6,42,37,471,483,0.01,1.272580152507335,2.151022620197163e-05,0.999978489773798,25.097151211391346,25.12662527612619,0.0011743988186781733
ry,6,42,37,471,483,0.003,1.272580152507335,2.151022620197163e-05,0.999978489773798,25.1527444494936,25.155402953533663,0.00010569439233168115
ry,6,42,37,471,483,0.001,1.272580152507335,2.151022620197163e-05,0.999978489773798,25.15763950388074,25.157934955943873,1.1744029605231118e-05
ry,6,42,37,471,483,0.0003,1.272580152507335,2.151022620197163e-05,0.999978489773798,25.158196395613125,25.158223068391358,1.060202321890469e-06
ry,6,42,43,477,489,0.01,1.5383478635392358,1.2025016456488694e-05,0.9999879749835435,33.44336019686562,33.49824855421124,0.001641233327707372
ry,6,42,43,477,489,0.003,1.5383478635392358,1.2025016456488694e-05,0.9999879749835435,33.54395431359729,33.54890871774356,0.00014769886996476823
ry,6,42,43,477,489,0.001,1.5383478635392358,1.2025016456488694e-05,0.9999879749835435,33.552816552701024,33.55336718802171,1.6411001437705463e-05
ry,6,42,43,477,489,0.0003,1.5383478635392358,1.2025016456488694e-05,0.9999879749835435,33.5538248251699,33.55387443202161,1.4784261397715976e-06
ry,6,42,49,483,495,0.01,1.5100416409312531,4.9516652745908864e-05,0.9999504833472541,33.01612907572613,33.067454959593846,0.0015545700027400939
ry,6,42,49,483,495,0.003,1.5100416409312531,4.9516652745908864e-05,0.9999504833472541,33.11178614661586,33.116418566718025,0.0001399024529105738
ry,6,42,49,483,495,0.001,1.5100416409312531,4.9516652745908864e-05,0.9999504833472541,33.120212769513834,33.120727612634404,1.554468034829793e-05
ry,6,42,49,483,495,0.0003,1.5100416409312531,4.9516652745908864e-05,0.9999504833472541,33.12117147432338,33.12121784430448,1.4000102965938565e-06
ry,6,42,55,489,501,0.01,1.5600250539679665,2.0163865624614048e-05,0.9999798361343754,34.25324376314437,34.3144065978479,0.0017856070837104297
ry,6,42,55,489,501,0.003,1.5600250539679665,2.0163865624614048e-05,0.9999798361343754,34.36162616628259,34.367147925256575,0.00016069550804327849
ry,6,42,55,489,501,0.001,1.5600250539679665,2.0163865624614048e-05,0.9999798361343754,34.371175902013015,34.37178959930787,1.785499851974973e-05
ry,6,42,55,489,501,0.0003,1.5600250539679665,2.0163865624614048e-05,0.9999798361343754,34.37226240607867,34.372317640905976,1.6069593166421078e-06
ry,6,42,61,495,507,0.01,1.353714410375554,0.00011991474848139393,0.9998800852515186,28.866369634466043,28.906005650209398,0.0013730862676971335
ry,6,42,61,495,507,0.003,1.353714410375554,0.00011991474848139393,0.9998800852515186,28.940136666230288,28.943712593105303,0.00012356288832554804
ry,6,42,61,495,507,0.001,1.353714410375554,0.00011991474848139393,0.9998800852515186,28.946633177480532,28.947030589809852,1.3729138269165569e-05
ry,6,42,61,495,507,0.0003,1.353714410375554,0.00011991474848139393,0.9998800852515186,28.947372273488796,28.94740804652389,1.235795593333663e-06
ry,6,42,67,501,513,0.01,1.47112259850565,8.647389673774862e-05,0.9999135261032622,32.585554103256335,32.638245892007696,0.0016170290854773252
ry,6,42,67,501,513,0.003,1.47112259850565,8.647389673774862e-05,0.9999135261032622,32.68163062702676,32.686386613677165,0.00014552476602769642
ry,6,42,67,501,513,0.001,1.47112259850565,8.647389673774862e-05,0.9999135261032622,32.69009464539217,32.69062322514005,1.6169416259356926e-05
ry,6,42,67,501,513,0.0003,1.47112259850565,8.647389673774862e-05,0.9999135261032622,32.69105760928032,32.691105201271895,1.4558107034391492e-06
ry,6,42,74,508,520,0.01,1.4803940076096294,0.00019029539789776822,0.9998097046021023,34.41716591577537,34.47517713449422,0.0016855315414642056
ry,6,42,74,508,520,0.003,1.4803940076096294,0.00019029539789776822,0.9998097046021023,34.524092865446136,34.52932971349027,0.00015168676739877077
ry,6,42,74,508,520,0.001,1.4803940076096294,0.00019029539789776822,0.9998097046021023,34.53351379079121,34.5340958211593,1.685407316534224e-05
ry,6,42,74,508,520,0.0003,1.4803940076096294,0.00019029539789776822,0.9998097046021023,34.53458563386265,34.53463804370394,1.517604463274538e-06
ry,6,42,80,514,526,0.01,1.5622420233010381,6.386954721642313e-05,0.9999361304527836,39.15926573636047,39.23132367278925,0.001840124810151293
ry,6,42,80,514,526,0.003,1.5622420233010381,6.386954721642313e-05,0.9999361304527836,39.294516518105155,39.30102353146466,0.00016559596442686187
ry,6,42,80,514,526,0.001,1.5622420233010381,6.386954721642313e-05,0.9999361304527836,39.30643560350747,39.307158822055044,1.839949454772338e-05
ry,6,42,80,514,526,0.0003,1.5622420233010381,6.386954721642313e-05,0.9999361304527836,39.30779169593475,39.30785682257663,1.6568379720312981e-06
ry,6,42,86,520,532,0.01,1.414120271599813,2.6753892113154928e-05,0.9999732461078868,30.639921543394465,30.684342365155935,0.0014497694355567504
ry,6,42,86,520,532,0.003,1.414120271599813,2.6753892113154928e-05,0.9999732461078868,30.721924281035175,30.72593268048528,0.00013047358015195367
ry,6,42,86,520,532,0.001,1.414120271599813,2.6753892113154928e-05,0.9999732461078868,30.729146992068074,30.72959247663043,1.4497134022971503e-05
ry,6,42,86,520,532,0.0003,1.414120271599813,2.6753892113154928e-05,0.9999732461078868,30.72996871568637,30.730008857313454,1.3062697022838832e-06
ry,6,42,92,526,538,0.01,0.7316897654175792,0.00026370522596395245,0.999736294774036,7.3513193258369105,7.354036132426467,0.00036956721224283437
ry,6,42,92,526,538,0.003,0.7316897654175792,0.00026370522596395245,0.999736294774036,7.356192627047979,7.356437300308648,3.3260855591147115e-05
ry,6,42,92,526,538,0.001,0.7316897654175792,0.00026370522596395245,0.999736294774036,7.356621252745729,7.356648444478697,3.6962257582910544e-06
ry,6,42,92,526,538,0.0003,0.7316897654175792,0.00026370522596395245,0.999736294774036,7.3566700110027865,7.356672508211187,3.3944820092926557e-07
same_scalar_rxryrz,6,42,0,434,446,0.01,1.1663426585041494,0.00018021625445378657,0.9998197837455463,77.84673204497614,78.20523623177588,0.004605256731812741
same_scalar_rxryrz,6,42,0,434,446,0.003,1.1663426585041494,0.00018021625445378657,0.9998197837455463,78.45786825974028,78.49040192389435,0.00041466413599676216
same_scalar_rxryrz,6,42,0,434,446,0.001,1.1663426585041494,0.00018021625445378657,0.9998197837455463,78.51192186269223,78.51553935567246,4.607571556523973e-05
same_scalar_rxryrz,6,42,0,434,446,0.0003,1.1663426585041494,0.00018021625445378657,0.9998197837455463,78.51807382771311,78.51839945141296,4.147117777818921e-06
same_scalar_rxryrz,6,42,6,440,452,0.01,1.9555505215100843,6.88263665311287e-05,0.9999311736334688,296.4118870919144,306.27816423663745,0.03328569998160564
same_scalar_rxryrz,6,42,6,440,452,0.003,1.9555505215100843,6.88263665311287e-05,0.9999311736334688,309.6651766591676,310.5890479499619,0.0029834523234465995
same_scalar_rxryrz,6,42,6,440,452,0.001,1.9555505215100843,6.88263665311287e-05,0.9999311736334688,310.86881533962105,310.97182695877245,0.0003313668469410912
same_scalar_rxryrz,6,42,6,440,452,0.0003,1.9555505215100843,6.88263665311287e-05,0.9999311736334688,311.0061325373996,311.0154072388177,2.9821603009728598e-05
same_scalar_rxryrz,6,42,12,446,458,0.01,1.8489683281196787,9.446597785328368e-05,0.9999055340221468,234.7357428037309,239.09675807338326,0.01857840317611424
same_scalar_rxryrz,6,42,12,446,458,0.003,1.8489683281196787,9.446597785328368e-05,0.9999055340221468,241.3493653259115,241.75293302750342,0.00167213077625855
same_scalar_rxryrz,6,42,12,446,458,0.001,1.8489683281196787,9.446597785328368e-05,0.9999055340221468,241.9433788820411,241.98832980520947,0.00018579108622890621
same_scalar_rxryrz,6,42,12,446,458,0.0003,1.8489683281196787,9.446597785328368e-05,0.9999055340221468,242.01107891214372,242.01512554432472,1.672085509139263e-05
same_scalar_rxryrz,6,42,18,452,464,0.01,1.8362243881506015,0.00010810183995901676,0.999891898160041,122.88644263526687,123.66687612399507,0.006350851013277016
same_scalar_rxryrz,6,42,18,452,464,0.003,1.8362243881506015,0.00010810183995901676,0.999891898160041,124.29607782160238,124.36713042429042,0.0005716399417688851
same_scalar_rxryrz,6,42,18,452,464,0.001,1.8362243881506015,0.00010810183995901676,0.999891898160041,124.42104114665808,124.42894388570159,6.351609800617594e-05
same_scalar_rxryrz,6,42,18,452,464,0.0003,1.8362243881506015,0.00010810183995901676,0.999891898160041,124.43526643297265,124.43597771206863,5.716057162653573e-06
same_scalar_rxryrz,6,42,25,459,471,0.01,1.8255469467011034,2.1927006569365832e-05,0.9999780729934307,155.89550767003942,158.06499116590487,0.013916266916794479
same_scalar_rxryrz,6,42,25,459,471,0.003,1.8255469467011034,2.1927006569365832e-05,0.9999780729934307,159.0936861109761,159.29321270864563,0.0012541452935494737
same_scalar_rxryrz,6,42,25,459,471,0.001,1.8255469467011034,2.1927006569365832e-05,0.9999780729934307,159.37960875080242,159.40182069751341,0.00013936504729237777
same_scalar_rxryrz,6,42,25,459,471,0.0003,1.8255469467011034,2.1927006569365832e-05,0.9999780729934307,159.41218185580385,159.4141813141301,1.254269468604126e-05
same_scalar_rxryrz,6,42,31,465,477,0.01,1.3459454543930762,2.0489226893458418e-05,0.9999795107731065,115.54684837230607,117.07192998512583,0.013198816188441263
same_scalar_rxryrz,6,42,31,465,477,0.003,1.3459454543930762,2.0489226893458418e-05,0.9999795107731065,117.56724846044739,117.70683784237093,0.0011873152068409933
same_scalar_rxryrz,6,42,31,465,477,0.001,1.3459454543930762,2.0489226893458418e-05,0.9999795107731065,117.74733771177046,117.76287067633007,0.00013191775594649765
same_scalar_rxryrz,6,42,31,465,477,0.0003,1.3459454543930762,2.0489226893458418e-05,0.9999795107731065,117.76784842429336,117.76924669051584,1.1873072669569792e-05
same_scalar_rxryrz,6,42,37,471,483,0.01,1.272580152507335,0.00011643920579417548,0.9998835607942058,111.15733043949713,111.79845813930888,0.00576775006449721
same_scalar_rxryrz,6,42,37,471,483,0.003,1.272580152507335,0.00011643920579417548,0.9998835607942058,112.31462424014444,112.37292462212217,0.0005190809511419986
same_scalar_rxryrz,6,42,37,471,483,0.001,1.272580152507335,0.00011643920579417548,0.9998835607942058,112.41713114606823,112.42361486479835,5.7675539875671545e-05
same_scalar_rxryrz,6,42,37,471,483,0.0003,1.272580152507335,0.00011643920579417548,0.9998835607942058,112.42879920102045,112.42938294920971,5.192158889941214e-06
same_scalar_rxryrz,6,42,43,477,489,0.01,1.5383478635392358,1.541056506955124e-05,0.9999845894349304,132.47652883189156,133.70267483565956,0.009255571644120808
same_scalar_rxryrz,6,42,43,477,489,0.003,1.5383478635392358,1.541056506955124e-05,0.9999845894349304,134.41012627956408,134.52208195588764,0.0008329407866986184
same_scalar_rxryrz,6,42,43,477,489,0.001,1.5383478635392358,1.541056506955124e-05,0.9999845894349304,134.5819800991757,134.59443542379603,9.254823425212536e-05
same_scalar_rxryrz,6,42,43,477,489,0.0003,1.5383478635392358,1.541056506955124e-05,0.9999845894349304,134.6015477436785,134.6026690052238,8.330227728245413e-06
same_scalar_rxryrz,6,42,49,483,495,0.01,1.5100416409312531,0.00022879926047622857,0.9997712007395237,119.77271508739655,121.01701894732474,0.010388875788782469
same_scalar_rxryrz,6,42,49,483,495,0.003,1.5100416409312531,0.00022879926047622857,0.9997712007395237,121.58900721745596,121.70269431102973,0.0009350112824792581
same_scalar_rxryrz,6,42,49,483,495,0.001,1.5100416409312531,0.00022879926047622857,0.9997712007395237,121.7505767242181,121.76322538015594,0.00010388990572495415
same_scalar_rxryrz,6,42,49,483,495,0.0003,1.5100416409312531,0.00022879926047622857,0.9997712007395237,121.76897483063318,121.77011339264966,9.350181506105171e-06
same_scalar_rxryrz,6,42,55,489,501,0.01,1.5600250539679665,3.8112624860354855e-05,0.9999618873751397,113.52374989084998,114.18977502265614,0.0058668351992117625
same_scalar_rxryrz,6,42,55,489,501,0.003,1.5600250539679665,3.8112624860354855e-05,0.9999618873751397,114.72608245514562,114.78666146473118,0.0005280317107424222
same_scalar_rxryrz,6,42,55,489,501,0.001,1.5600250539679665,3.8112624860354855e-05,0.9999618873751397,114.83259580869958,114.83933306905004,5.86702782691244e-05
same_scalar_rxryrz,6,42,55,489,501,0.0003,1.5600250539679665,3.8112624860354855e-05,0.9999618873751397,114.8447200823992,114.84532645680527,5.279950228674737e-06
same_scalar_rxryrz,6,42,61,495,507,0.01,1.353714410375554,9.061286014188768e-05,0.9999093871398581,103.39230154596513,103.91933592907908,0.005097423843298945
same_scalar_rxryrz,6,42,61,495,507,0.003,1.353714410375554,9.061286014188768e-05,0.9999093871398581,104.36621913652165,104.41408394518126,0.0004586235762454795
same_scalar_rxryrz,6,42,61,495,507,0.001,1.353714410375554,9.061286014188768e-05,0.9999093871398581,104.45240580493328,104.45772835881995,5.095673810147761e-05
same_scalar_rxryrz,6,42,61,495,507,0.0003,1.353714410375554,9.061286014188768e-05,0.9999093871398581,104.46221537688562,104.46269441010004,4.585707977663843e-06
same_scalar_rxryrz,6,42,67,501,513,0.01,1.47112259850565,5.023037447337401e-05,0.9999497696255266,107.26986132750031,107.84505294087143,0.005362098974054126
same_scalar_rxryrz,6,42,67,501,513,0.003,1.47112259850565,5.023037447337401e-05,0.9999497696255266,108.32675984391162,108.37902883433411,0.0004825122665701901
same_scalar_rxryrz,6,42,67,501,513,0.001,1.47112259850565,5.023037447337401e-05,0.9999497696255266,108.42032622220633,108.42613882083852,5.3611705800228706e-05
same_scalar_rxryrz,6,42,67,501,513,0.0003,1.47112259850565,5.023037447337401e-05,0.9999497696255266,108.43097610960474,108.43149928434987,4.824956519780473e-06
same_scalar_rxryrz,6,42,74,508,520,0.01,1.4803940076096294,5.738004446753388e-05,0.9999426199555325,124.83295195149806,125.64674355952599,0.0065190448139375344
same_scalar_rxryrz,6,42,74,508,520,0.003,1.4803940076096294,5.738004446753388e-05,0.9999426199555325,126.30077719479272,126.3749166159838,0.000587006848554438
same_scalar_rxryrz,6,42,74,508,520,0.001,1.4803940076096294,5.738004446753388e-05,0.9999426199555325,126.43095563509026,126.43920219795879,6.522582090051641e-05
same_scalar_rxryrz,6,42,74,508,520,0.0003,1.4803940076096294,5.738004446753388e-05,0.9999426199555325,126.44577517261864,126.44651748439097,5.870593709551615e-06
same_scalar_rxryrz,6,42,80,514,526,0.01,1.5622420233010381,7.078221645442403e-06,0.9999929217783545,148.0898647141079,149.23074001456536,0.0077039391092695465
same_scalar_rxryrz,6,42,80,514,526,0.003,1.5622420233010381,7.078221645442403e-06,0.9999929217783545,150.14319731695784,150.24733169509574,0.0006935670746245553
same_scalar_rxryrz,6,42,80,514,526,0.001,1.5622420233010381,7.078221645442403e-06,0.9999929217783545,150.32555538116893,150.3371402200582,7.706499975927712e-05
same_scalar_rxryrz,6,42,80,514,526,0.0003,1.5622420233010381,7.078221645442403e-06,0.9999929217783545,150.34631765041271,150.34736046692922,6.936096159848553e-06
same_scalar_rxryrz,6,42,86,520,532,0.01,1.414120271599813,0.0001351887111915118,0.9998648112888084,141.78084960336554,142.63868675506717,0.00605044442956468
same_scalar_rxryrz,6,42,86,520,532,0.003,1.414120271599813,0.0001351887111915118,0.9998648112888084,143.47736789189003,143.55544895532245,0.0005442047382082945
same_scalar_rxryrz,6,42,86,520,532,0.001,1.414120271599813,0.0001351887111915118,0.9998648112888084,143.6277277809642,143.63641207226775,6.046389118399397e-05
same_scalar_rxryrz,6,42,86,520,532,0.0003,1.414120271599813,0.0001351887111915118,0.9998648112888084,143.64484373444805,143.64562546479814,5.442105193442957e-06
same_scalar_rxryrz,6,42,92,526,538,0.01,0.7316897654175792,4.316967352956125e-05,0.9999568303264704,28.130910320242275,28.16972430838005,0.0013797629616644801
same_scalar_rxryrz,6,42,92,526,538,0.003,0.7316897654175792,4.316967352956125e-05,0.9999568303264704,28.20192774548783,28.205429692494832,0.0001241740294708352
same_scalar_rxryrz,6,42,92,526,538,0.001,0.7316897654175792,4.316967352956125e-05,0.9999568303264704,28.20818229575899,28.20857149360423,1.3797338699693226e-05
same_scalar_rxryrz,6,42,92,526,538,0.0003,0.7316897654175792,4.316967352956125e-05,0.9999568303264704,28.208893866280373,28.208929014894583,1.2460117853612639e-06
seasonal_meridian,6,42,0,434,446,0.01,1.9911488025466986,0.0043036365626304305,0.9956963634373696,5.503208770141359,5.504773640445659,0.00028435597660609035
seasonal_meridian,6,42,0,434,446,0.003,1.9911488025466986,0.0043036365626304305,0.9956963634373696,5.506001070212355,5.50614198023701,2.5592080869199268e-05
seasonal_meridian,6,42,0,434,446,0.001,1.9911488025466986,0.0043036365626304305,0.9956963634373696,5.506246637594631,5.506262296617326,2.8438651090563353e-06
seasonal_meridian,6,42,0,434,446,0.0003,1.9911488025466986,0.0043036365626304305,0.9956963634373696,5.506274571808208,5.5062760178575205,2.6261845344513234e-07
seasonal_meridian,6,42,6,440,452,0.01,2.9620058479450275,6.700673721595515e-05,0.9999329932627841,13.51338917662497,13.522646033671814,0.0006850137242295365
seasonal_meridian,6,42,6,440,452,0.003,2.9620058479450275,6.700673721595515e-05,0.9999329932627841,13.530073351449841,13.530907475004886,6.16495959318106e-05
seasonal_meridian,6,42,6,440,452,0.001,2.9620058479450275,6.700673721595515e-05,0.9999329932627841,13.53154138582583,13.531634078634003,6.850129303764355e-06
seasonal_meridian,6,42,6,440,452,0.0003,2.9620058479450275,6.700673721595515e-05,0.9999329932627841,13.53170838798842,13.531716780423865,6.202051658686927e-07
seasonal_meridian,6,42,12,446,458,0.01,3.074191299889576,0.00015030801549749276,0.9998496919845025,13.128010313684786,13.13674152335409,0.0006650824809454778
seasonal_meridian,6,42,12,446,458,0.003,3.074191299889576,0.00015030801549749276,0.9998496919845025,13.143821031928992,13.14460778305425,5.985710877731414e-05
seasonal_meridian,6,42,12,446,458,0.001,3.074191299889576,0.00015030801549749276,0.9998496919845025,13.145212195851698,13.145299625483275,6.651062780465597e-06
seasonal_meridian,6,42,12,446,458,0.0003,3.074191299889576,0.00015030801549749276,0.9998496919845025,13.145370453149456,13.14537836607757,6.019555053120982e-07
seasonal_meridian,6,42,18,452,464,0.01,3.103019807945186,4.912537307904755e-05,0.999950874626921,13.786841506505118,13.796312264597876,0.0006869418269797343
seasonal_meridian,6,42,18,452,464,0.003,3.103019807945186,4.912537307904755e-05,0.999950874626921,13.804009028541975,13.804862436227348,6.182317641260819e-05
seasonal_meridian,6,42,18,452,464,0.001,3.103019807945186,4.912537307904755e-05,0.999950874626921,13.805519599287795,13.805614439699188,6.869745880309409e-06
seasonal_meridian,6,42,18,452,464,0.0003,3.103019807945186,4.912537307904755e-05,0.999950874626921,13.805691440415739,13.80570003132557,6.222730580143666e-07
seasonal_meridian,6,42,25,459,471,0.01,3.083222243324218,0.00010404135994749109,0.9998959586400525,14.93988168421333,14.950901140491357,0.0007375865827419473
seasonal_meridian,6,42,25,459,471,0.003,3.083222243324218,0.00010404135994749109,0.9998959586400525,14.960010427946045,14.961003471474715,6.637986874760105e-05
seasonal_meridian,6,42,25,459,471,0.001,3.083222243324218,0.00010404135994749109,0.9998959586400525,14.961781670058286,14.961892024101253,7.375728733404654e-06
seasonal_meridian,6,42,25,459,471,0.0003,3.083222243324218,0.00010404135994749109,0.9998959586400525,14.961983166081959,14.961993093858757,6.635334826793359e-07
seasonal_meridian,6,42,31,465,477,0.01,2.513104126337037,4.016886011827632e-05,0.9999598311398817,9.71095250309442,9.715404735238797,0.0004584753290635972
seasonal_meridian,6,42,31,465,477,0.003,2.513104126337037,4.016886011827632e-05,0.9999598311398817,9.719223508037404,9.719624545360498,4.1262280136103766e-05
seasonal_meridian,6,42,31,465,477,0.001,2.513104126337037,4.016886011827632e-05,0.9999598311398817,9.719951069149493,9.719995638146628,4.585310853686741e-06
seasonal_meridian,6,42,31,465,477,0.0003,2.513104126337037,4.016886011827632e-05,0.9999598311398817,9.720033833729852,9.720037888152593,4.1712022920969386e-07
seasonal_meridian,6,42,37,471,483,0.01,2.5962548405553334,0.00019910536578233358,0.9998008946342176,10.468940797850106,10.474379643947707,0.000519522098999511
seasonal_meridian,6,42,37,471,483,0.003,2.5962548405553334,0.00019910536578233358,0.9998008946342176,10.478973471241904,10.47946343199799,4.675656040458875e-05
seasonal_meridian,6,42,37,471,483,0.001,2.5962548405553334,0.00019910536578233358,0.9998008946342176,10.479856072095535,10.479910523830682,5.195847612115274e-06
seasonal_meridian,6,42,37,471,483,0.0003,2.5962548405553334,0.00019910536578233358,0.9998008946342176,10.479956474167116,10.479961418427862,4.7178256501209817e-07
seasonal_meridian,6,42,43,477,489,0.01,2.8121944368228275,4.7551455583153586e-05,0.9999524485444169,11.626625449851106,11.633339659857244,0.0005774857059856058
seasonal_meridian,6,42,43,477,489,0.003,2.8121944368228275,4.7551455583153586e-05,0.9999524485444169,11.638807892669911,11.639412800258498,5.197332872617696e-05
seasonal_meridian,6,42,43,477,489,0.001,2.8121944368228275,4.7551455583153586e-05,0.9999524485444169,11.63987968310647,11.63994690639436,5.775256250152432e-06
seasonal_meridian,6,42,43,477,489,0.0003,2.8121944368228275,4.7551455583153586e-05,0.9999524485444169,11.640001607528417,11.640007710786747,5.243348357252644e-07
seasonal_meridian,6,42,49,483,495,0.01,2.7958035579614235,3.2754186202402725e-05,0.9999672458137976,11.447244538934662,11.453611381176954,0.0005561899390405013
seasonal_meridian,6,42,49,483,495,0.003,2.7958035579614235,3.2754186202402725e-05,0.9999672458137976,11.45896117067449,11.459534761239077,5.005607018327658e-05
seasonal_meridian,6,42,49,483,495,0.001,2.7958035579614235,3.2754186202402725e-05,0.9999672458137976,11.459991952880848,11.460055693690574,5.562029187067999e-06
seasonal_meridian,6,42,49,483,495,0.0003,2.7958035579614235,3.2754186202402725e-05,0.9999672458137976,11.460109212025573,11.460114979828303,5.032938711960953e-07
seasonal_meridian,6,42,55,489,501,0.01,2.7566204038170734,0.00011620901153605156,0.9998837909884639,11.669878057337453,11.676458886042406,0.0005639158072277738
seasonal_meridian,6,42,55,489,501,0.003,2.7566204038170734,0.00011620901153605156,0.9998837909884639,11.682047071792582,11.682639958537294,5.075195649091799e-05
seasonal_meridian,6,42,55,489,501,0.001,2.7566204038170734,0.00011620901153605156,0.9998837909884639,11.68311767366035,11.683183563038213,5.639708483948876e-06
seasonal_meridian,6,42,55,489,501,0.0003,2.7566204038170734,0.00011620901153605156,0.9998837909884639,11.683239462800215,11.683245466138144,5.138418971037746e-07
seasonal_meridian,6,42,61,495,507,0.01,2.544962951835362,1.4625767873192055e-05,0.9999853742321269,9.723101335214993,9.727774923591891,0.0004806684838273833
seasonal_meridian,6,42,61,495,507,0.003,2.544962951835362,1.4625767873192055e-05,0.9999853742321269,9.731657543727122,9.732078529636448,4.3259424967865084e-05
seasonal_meridian,6,42,61,495,507,0.001,2.544962951835362,1.4625767873192055e-05,0.9999853742321269,9.732410209135802,9.732456995648064,4.807289382307749e-06
seasonal_meridian,6,42,61,495,507,0.0003,2.544962951835362,1.4625767873192055e-05,0.9999853742321269,9.732495829649071,9.732500102129414,4.3899123283801026e-07
seasonal_meridian,6,42,67,501,513,0.01,2.694190886832547,5.627399626404672e-06,0.9999943726003736,10.644050583958236,10.649865805920644,0.0005463354309093452
seasonal_meridian,6,42,67,501,513,0.003,2.694190886832547,5.627399626404672e-06,0.9999943726003736,10.654451366704638,10.65497523990618,4.9169420696740055e-05
seasonal_meridian,6,42,67,501,513,0.001,2.694190886832547,5.627399626404672e-06,0.9999943726003736,10.655366361528475,10.65542458172919,5.463932326530081e-06
seasonal_meridian,6,42,67,501,513,0.0003,2.694190886832547,5.627399626404672e-06,0.9999943726003736,10.65547044874605,10.655475778263858,5.001672928512332e-07
seasonal_meridian,6,42,74,508,520,0.01,2.6357789154729043,0.00018124088411881708,0.9998187591158811,10.496655374226348,10.50199547743158,0.0005087433105923955
seasonal_meridian,6,42,74,508,520,0.003,2.6357789154729043,0.00018124088411881708,0.9998187591158811,10.50650980571038,10.506990854987198,4.578583047211916e-05
seasonal_meridian,6,42,74,508,520,0.001,2.6357789154729043,0.00018124088411881708,0.9998187591158811,10.50737670434942,10.507430166784015,5.088085837142348e-06
seasonal_meridian,6,42,74,508,520,0.0003,2.6357789154729043,0.00018124088411881708,0.9998187591158811,10.507475319957729,10.507480203209637,4.6474074494877104e-07
seasonal_meridian,6,42,80,514,526,0.01,2.734092249597265,0.00015562458331869495,0.9998443754166813,11.876178356996684,11.882905995723169,0.0005664817859965237
seasonal_meridian,6,42,80,514,526,0.003,2.734092249597265,0.00015562458331869495,0.9998443754166813,11.888800932202308,11.889407044619727,5.0981795462407165e-05
seasonal_meridian,6,42,80,514,526,0.001,2.734092249597265,0.00015562458331869495,0.9998443754166813,11.889911440114785,11.889978799806133,5.6652811661018314e-06
seasonal_meridian,6,42,80,514,526,0.0003,2.734092249597265,0.00015562458331869495,0.9998443754166813,11.890037768899518,11.890043901304402,5.157599162872876e-07
seasonal_meridian,6,42,86,520,532,0.01,2.472824881091555,5.3010720939053575e-05,0.9999469892790609,8.939568062194823,8.943579751477525,0.00044875650085014225
seasonal_meridian,6,42,86,520,532,0.003,2.472824881091555,5.3010720939053575e-05,0.9999469892790609,8.946895885647432,8.947257226850821,4.038732628694089e-05
seasonal_meridian,6,42,86,520,532,0.001,2.472824881091555,5.3010720939053575e-05,0.9999469892790609,8.947540466758818,8.94758062275347,4.4879366348002475e-06
seasonal_meridian,6,42,86,520,532,0.0003,2.472824881091555,5.3010720939053575e-05,0.9999469892790609,8.947613791719217,8.947617449430982,4.087918690517528e-07
seasonal_meridian,6,42,92,526,538,0.01,1.5643175500445363,0.027051528627320194,0.9729484713726798,3.498182663578094,3.498771968195591,0.00016846021896808745
seasonal_meridian,6,42,92,526,538,0.003,1.5643175500445363,0.027051528627320194,0.9729484713726798,3.499267762667492,3.499320816675095,1.5161459825724824e-05
seasonal_meridian,6,42,92,526,538,0.001,1.5643175500445363,0.027051528627320194,0.9729484713726798,3.4993631770213547,3.499369075343761,1.6855416566151337e-06
seasonal_meridian,6,42,92,526,538,0.0003,1.5643175500445363,0.027051528627320194,0.9729484713726798,3.4993740306204515,3.4993746147707037,1.6692992719791176e-07
learnable_seasonal_cdf,6,42,0,434,446,0.01,1.9911488025466986,0.07813085694310304,0.9218691430568969,2.4237893077023713,2.424066651049439,0.00011442551800455635
learnable_seasonal_cdf,6,42,0,434,446,0.003,1.9911488025466986,0.07813085694310304,0.9218691430568969,2.42430558056994,2.4243305470412264,1.0298401111830528e-05
learnable_seasonal_cdf,6,42,0,434,446,0.001,1.9911488025466986,0.07813085694310304,0.9218691430568969,2.4243509740083566,2.4243537511958735,1.1455385571722815e-06
learnable_seasonal_cdf,6,42,0,434,446,0.0003,1.9911488025466986,0.07813085694310304,0.9218691430568969,2.424356137580833,2.4243564230215977,1.1773879273658719e-07
learnable_seasonal_cdf,6,42,6,440,452,0.01,2.9620058479450275,0.0015226309131448057,0.9984773690868552,6.207451258423728,6.209276662825225,0.0002940666507884743
learnable_seasonal_cdf,6,42,6,440,452,0.003,2.9620058479450275,0.0015226309131448057,0.9984773690868552,6.210831606802015,6.210995980878338,2.6465711313683917e-05
learnable_seasonal_cdf,6,42,6,440,452,0.001,2.9620058479450275,0.0015226309131448057,0.9984773690868552,6.211128894250725,6.211147162482611,2.9412095928714736e-06
learnable_seasonal_cdf,6,42,6,440,452,0.0003,2.9620058479450275,0.0015226309131448057,0.9984773690868552,6.211162711865289,6.211164396388273,2.7120896061974626e-07
learnable_seasonal_cdf,6,42,12,446,458,0.01,3.074191299889576,0.0014161342969696027,0.9985838657030304,6.805665974889969,6.807789613204052,0.00031203975068977885
learnable_seasonal_cdf,6,42,12,446,458,0.003,3.074191299889576,0.0014161342969696027,0.9985838657030304,6.809664366752394,6.809855603121898,2.8083082983835913e-05
learnable_seasonal_cdf,6,42,12,446,458,0.001,3.074191299889576,0.0014161342969696027,0.9985838657030304,6.810016017878782,6.810037270987834,3.12086036162226e-06
learnable_seasonal_cdf,6,42,12,446,458,0.0003,3.074191299889576,0.0014161342969696027,0.9985838657030304,6.810056019669817,6.8100579669266255,2.859384420068093e-07
learnable_seasonal_cdf,6,42,18,452,464,0.01,3.103019807945186,0.0009003113464183492,0.9990996886535817,6.2715114393765425,6.273372423743484,0.00029673618312438087
learnable_seasonal_cdf,6,42,18,452,464,0.003,3.103019807945186,0.0009003113464183492,0.9990996886535817,6.274944057257131,6.275111634985237,2.6705852128163247e-05
learnable_seasonal_cdf,6,42,18,452,464,0.001,3.103019807945186,0.0009003113464183492,0.9990996886535817,6.275245941492716,6.275264564925553,2.9677614250159534e-06
learnable_seasonal_cdf,6,42,18,452,464,0.0003,3.103019807945186,0.0009003113464183492,0.9990996886535817,6.2752802820074685,6.275282001440749,2.7400103309020396e-07
learnable_seasonal_cdf,6,42,25,459,471,0.01,3.083222243324218,0.0008672021607990854,0.999132797839201,5.516645668424444,5.518089469845888,0.0002617172659298794
learnable_seasonal_cdf,6,42,25,459,471,0.003,3.083222243324218,0.0008672021607990854,0.999132797839201,5.519301605088533,5.519431607438187,2.355413038750346e-05
learnable_seasonal_cdf,6,42,25,459,471,0.001,3.083222243324218,0.0008672021607990854,0.999132797839201,5.519535172244824,5.519549619525943,2.617481484969717e-06
learnable_seasonal_cdf,6,42,25,459,471,0.0003,3.083222243324218,0.0008672021607990854,0.999132797839201,5.519561741309299,5.51956307573123,2.417622981167391e-07
learnable_seasonal_cdf,6,42,31,465,477,0.01,2.513104126337037,0.031571827695693264,0.9684281723043068,3.3087058332996206,3.309265793407512,0.00016923840803730985
learnable_seasonal_cdf,6,42,31,465,477,0.003,2.513104126337037,0.031571827695693264,0.9684281723043068,3.3097077167312228,3.309758128572988,1.5231508664700886e-05
learnable_seasonal_cdf,6,42,31,465,477,0.001,2.513104126337037,0.031571827695693264,0.9684281723043068,3.3097958135015673,3.309801420936509,1.6941936172733291e-06
learnable_seasonal_cdf,6,42,31,465,477,0.0003,2.513104126337037,0.031571827695693264,0.9684281723043068,3.309805834704803,3.309806412893974,1.7468975525542355e-07
learnable_seasonal_cdf,6,42,37,471,483,0.01,2.5962548405553334,0.009627214221238965,0.9903727857787611,4.276622319058136,4.277499837547771,0.00020518961558160307
learnable_seasonal_cdf,6,42,37,471,483,0.003,2.5962548405553334,0.009627214221238965,0.9903727857787611,4.278243005784011,4.278322012144879,1.8467011051256154e-05
learnable_seasonal_cdf,6,42,37,471,483,0.001,2.5962548405553334,0.009627214221238965,0.9903727857787611,4.278385522145448,4.278394303669497,2.052532200244098e-06
learnable_seasonal_cdf,6,42,37,471,483,0.0003,2.5962548405553334,0.009627214221238965,0.9903727857787611,4.278401733775341,4.278402564327088,1.9412663865118955e-07
learnable_seasonal_cdf,6,42,43,477,489,0.01,2.8121944368228275,0.001848018582890891,0.9981519814171091,6.016296184266307,6.0180102349799425,0.0002849013182094124
learnable_seasonal_cdf,6,42,43,477,489,0.003,2.8121944368228275,0.001848018582890891,0.9981519814171091,6.019483031794575,6.019637376021415,2.564077779186237e-05
learnable_seasonal_cdf,6,42,43,477,489,0.001,2.8121944368228275,0.001848018582890891,0.9981519814171091,6.019763298263098,6.019780453558887,2.8498289615843796e-06
learnable_seasonal_cdf,6,42,43,477,489,0.0003,2.8121944368228275,0.001848018582890891,0.9981519814171091,6.019795179639972,6.019796778339922,2.6557381148241477e-07
learnable_seasonal_cdf,6,42,49,483,495,0.01,2.7958035579614235,0.0037318560192451215,0.9962681439807549,5.203033056677688,5.204346959962192,0.0002525264149182113
learnable_seasonal_cdf,6,42,49,483,495,0.003,2.7958035579614235,0.0037318560192451215,0.9962681439807549,5.205433976342839,5.205552281265883,2.2727196921969465e-05
learnable_seasonal_cdf,6,42,49,483,495,0.001,2.7958035579614235,0.0037318560192451215,0.9962681439807549,5.205645115173121,5.205658263840451,2.525847813120788e-06
learnable_seasonal_cdf,6,42,49,483,495,0.0003,2.7958035579614235,0.0037318560192451215,0.9962681439807549,5.205669132922557,5.205670336769528,2.3125691255117092e-07
learnable_seasonal_cdf,6,42,55,489,501,0.01,2.7566204038170734,0.001216364732456248,0.9987836352675438,5.341868620235424,5.343188850697178,0.0002471476847545813
learnable_seasonal_cdf,6,42,55,489,501,0.003,2.7566204038170734,0.001216364732456248,0.9987836352675438,5.344327944168778,5.344446817946559,2.224297966426385e-05
learnable_seasonal_cdf,6,42,55,489,501,0.001,2.7566204038170734,0.001216364732456248,0.9987836352675438,5.344544217579288,5.344557430786434,2.47227950752846e-06
learnable_seasonal_cdf,6,42,55,489,501,0.0003,2.7566204038170734,0.001216364732456248,0.9987836352675438,5.344568819387468,5.344570049488814,2.3015913681468437e-07
learnable_seasonal_cdf,6,42,61,495,507,0.01,2.544962951835362,0.012998154941938869,0.9870018450580611,4.065370336428118,4.066170668195479,0.00019686564842312298
learnable_seasonal_cdf,6,42,61,495,507,0.003,2.544962951835362,0.012998154941938869,0.9870018450580611,4.066835583043824,4.066907638186931,1.771774187471181e-05
learnable_seasonal_cdf,6,42,61,495,507,0.001,2.544962951835362,0.012998154941938869,0.9870018450580611,4.066964428478984,4.066972437655192,1.969325365005699e-06
learnable_seasonal_cdf,6,42,61,495,507,0.0003,2.544962951835362,0.012998154941938869,0.9870018450580611,4.066979084979247,4.0669798232843375,1.815364857833721e-07
learnable_seasonal_cdf,6,42,67,501,513,0.01,2.694190886832547,0.007972296566264008,0.992027703433736,4.514664173674668,4.51560793677086,0.00020904391996531664
learnable_seasonal_cdf,6,42,67,501,513,0.003,2.694190886832547,0.007972296566264008,0.992027703433736,4.51642963045708,4.516514601494838,1.8813763240091328e-05
learnable_seasonal_cdf,6,42,67,501,513,0.001,2.694190886832547,0.007972296566264008,0.992027703433736,4.516584877625233,4.516594324432965,2.0915820223626726e-06
learnable_seasonal_cdf,6,42,67,501,513,0.0003,2.694190886832547,0.007972296566264008,0.992027703433736,4.516602537422394,4.5166034307659375,1.9779104664144694e-07
learnable_seasonal_cdf,6,42,74,508,520,0.01,2.6357789154729043,0.01647443883708421,0.9835255611629158,3.771418607100327,3.7720963303677912,0.00017969982599869803
learnable_seasonal_cdf,6,42,74,508,520,0.003,2.6357789154729043,0.01647443883708421,0.9835255611629158,3.7726693519951366,3.7727303671747987,1.6172946518568707e-05
learnable_seasonal_cdf,6,42,74,508,520,0.001,2.6357789154729043,0.01647443883708421,0.9835255611629158,3.7727793332951,3.7727861166292342,1.79796736971429e-06
learnable_seasonal_cdf,6,42,74,508,520,0.0003,2.6357789154729043,0.01647443883708421,0.9835255611629158,3.772791843931297,3.7727924969329276,1.7308180720241412e-07
learnable_seasonal_cdf,6,42,80,514,526,0.01,2.734092249597265,0.013533617729567324,0.9864663822704327,4.234558230554653,4.235444870870908,0.0002093820105854332
learnable_seasonal_cdf,6,42,80,514,526,0.003,2.734092249597265,0.013533617729567324,0.9864663822704327,4.236156852578706,4.236236680431481,1.8844404386623787e-05
learnable_seasonal_cdf,6,42,80,514,526,0.001,2.734092249597265,0.013533617729567324,0.9864663822704327,4.2362974286698885,4.236306302918269,2.09481239927298e-06
learnable_seasonal_cdf,6,42,80,514,526,0.0003,2.734092249597265,0.013533617729567324,0.9864663822704327,4.236313419588165,4.236314258646938,1.980634314741548e-07
learnable_seasonal_cdf,6,42,86,520,532,0.01,2.472824881091555,0.010748282663943981,0.989251717336056,4.50060759122685,4.501536140646412,0.00020631645855361552
learnable_seasonal_cdf,6,42,86,520,532,0.003,2.472824881091555,0.010748282663943981,0.989251717336056,4.502351619752223,4.502435220074849,1.8568146090493997e-05
learnable_seasonal_cdf,6,42,86,520,532,0.001,2.472824881091555,0.010748282663943981,0.989251717336056,4.50250498177037,4.502514272974878,2.0635634042841663e-06
learnable_seasonal_cdf,6,42,86,520,532,0.0003,2.472824881091555,0.010748282663943981,0.989251717336056,4.50252242711791,4.502523293709655,1.924680574183905e-07
learnable_seasonal_cdf,6,42,92,526,538,0.01,1.5643175500445363,0.2441562259237751,0.7558437740762249,1.3667656532297945,1.3668584475295953,6.789335068636007e-05
learnable_seasonal_cdf,6,42,92,526,538,0.003,1.5643175500445363,0.2441562259237751,0.7558437740762249,1.3669331112361063,1.3669414640821782,6.110647260838229e-06
learnable_seasonal_cdf,6,42,92,526,538,0.001,1.5643175500445363,0.2441562259237751,0.7558437740762249,1.366947834107815,1.3669487664569324,6.820663482558805e-07
learnable_seasonal_cdf,6,42,92,526,538,0.0003,1.5643175500445363,0.2441562259237751,0.7558437740762249,1.3669495088482764,1.3669496399002257,9.58718288014489e-08
