encoding,depth,seasonal_lag,n_seeds,log10_prominence_mean,log10_prominence_std,prominence_ratio_mean,prominence_ratio_std,center_fidelity_mean,center_fidelity_std
learnable_seasonal_cdf,1,12,5,2.600244189398552,0.3080863151282672,486.0380708726144,331.3407710792193,0.46996981378397507,0.06477997877251326
learnable_seasonal_cdf,1,24,5,2.5935173352743712,0.31629485036870186,480.9745701227815,326.1228386407294,0.4396367956768074,0.0643047464400645
learnable_seasonal_cdf,1,36,5,2.6758612695473696,0.22598371858457908,528.2282940757733,271.79403271934166,0.40003049019008136,0.055829982088477885
learnable_seasonal_cdf,2,12,5,2.1667235375305998,0.4950738098036229,243.41294186414615,257.5416288993458,0.10461565571668505,0.0372501856545452
learnable_seasonal_cdf,2,24,5,2.387432342299254,0.5360428840702037,444.68783295800614,507.1549104880193,0.17598381813824565,0.03708856252679
learnable_seasonal_cdf,2,36,5,2.1678600458299018,0.4767026437905208,241.88630810766168,272.6811454246302,0.08750157697105124,0.029476609398417283
learnable_seasonal_cdf,3,12,5,2.275335352605955,0.12281524954317427,194.9634964212754,59.82851066246501,0.05568872224266834,0.008908320447942894
learnable_seasonal_cdf,3,24,5,2.6228553812067896,0.19838754419576438,460.44624417196957,247.39901503455653,0.11912290338977245,0.01575337981544838
learnable_seasonal_cdf,3,36,5,2.2559217659552537,0.07905222605210475,182.63946423337353,32.54822150746527,0.0457570736881518,0.012122043563896437
learnable_seasonal_cdf,4,12,5,2.228532298940811,0.10774995168009968,173.57854967936018,44.71592965801127,0.0290800388415093,0.006084492502001914
learnable_seasonal_cdf,4,24,5,2.5383691163941284,0.11497934463197548,354.8176459128846,87.49982042930672,0.06708927374082659,0.0065715764504375804
learnable_seasonal_cdf,4,36,5,2.1520628925417897,0.15817389225107537,150.44272488755527,62.86755945245875,0.02186870268641776,0.004445757736831247
learnable_seasonal_cdf,5,12,5,2.1041298211234802,0.0851838929229162,129.1579452723904,27.120449787391117,0.0181857616747326,0.007686578707043493
learnable_seasonal_cdf,5,24,5,2.542574925792498,0.12313906492107117,359.721639530578,96.00141331126159,0.05520387024481318,0.012932169229622993
learnable_seasonal_cdf,5,36,5,2.020373497582134,0.15900260354202633,111.03514078507314,45.54506214442278,0.01441925134389542,0.008630234614244772
learnable_seasonal_cdf,6,12,5,2.156413873617088,0.1960555364366932,155.73478447816632,72.37680929471371,0.014907016924732822,0.008765047204546617
learnable_seasonal_cdf,6,24,5,2.5922578501534397,0.1484781944080741,410.05628252387476,143.3350012938124,0.04397475869254332,0.015481816700594713
learnable_seasonal_cdf,6,36,5,1.9665109279295165,0.2406903991413857,104.01356221617864,54.66978706678452,0.00975406581425926,0.0065050057384293865
learnable_seasonal_cdf_rz,1,12,5,2.552279156679993,0.20219565611330706,386.64063446264714,162.00573323338034,0.49983299145730753,0.0633500766390837
learnable_seasonal_cdf_rz,1,24,5,2.5372067792812962,0.23948062038191262,382.06185556155896,166.75353373375938,0.464355120108472,0.04869228611494351
learnable_seasonal_cdf_rz,1,36,5,2.617936202073726,0.2009078391187762,447.440429759554,172.45682791299492,0.43812657375963865,0.04175544594471081
learnable_seasonal_cdf_rz,2,12,5,2.206644531004186,0.4236717783134119,236.2216944361362,222.46959707078105,0.105998340618885,0.021232379558968808
learnable_seasonal_cdf_rz,2,24,5,2.3961140369395393,0.45626088094716916,385.4442404099656,381.4070616995762,0.168194880901659,0.015440800814335872
learnable_seasonal_cdf_rz,2,36,5,2.1394903772275615,0.40869032577239567,195.73182621896706,176.63645421294254,0.07905319907307548,0.00923886033474683
learnable_seasonal_cdf_rz,3,12,5,2.240583265411467,0.16886966424396332,183.59913905743494,59.618516882378735,0.06410696762392913,0.00683624092733308
learnable_seasonal_cdf_rz,3,24,5,2.524887977015287,0.16430097143400801,352.76389099294175,115.64605010853367,0.12171678937362344,0.01216015941826733
learnable_seasonal_cdf_rz,3,36,5,2.2427544143854448,0.09758780679194287,178.30590717118653,37.71577047019059,0.051275671442606016,0.003137213009491153
learnable_seasonal_cdf_rz,4,12,5,2.202191114103119,0.09495079160517417,162.58265892586567,39.32079705897733,0.02498778522927548,0.005271965990939135
learnable_seasonal_cdf_rz,4,24,5,2.5109636557789696,0.09256532077473237,330.09791770030944,67.43938686394537,0.06044604346185785,0.013732094336699642
learnable_seasonal_cdf_rz,4,36,5,2.0965355419093687,0.09071933794446019,127.28356631470135,30.038495748886536,0.01813383249274192,0.0033193545373536035
learnable_seasonal_cdf_rz,5,12,5,2.0898088066136884,0.10931971715021317,126.43945230282672,36.46066206141169,0.01614487144174904,0.007656667786910753
learnable_seasonal_cdf_rz,5,24,5,2.558955394065804,0.10388396552406935,370.3475146289035,84.59060497368657,0.0492633887877355,0.01447546219961188
learnable_seasonal_cdf_rz,5,36,5,2.0158213798317965,0.200577569635526,113.7063584368641,59.18105429093936,0.01292820994707014,0.008346765835085125
learnable_seasonal_cdf_rz,6,12,5,2.0740709143892007,0.15933560873858005,125.0882034382073,45.47125604361307,0.01204690065218026,0.004911997876858312
learnable_seasonal_cdf_rz,6,24,5,2.491665696913448,0.1525046935000509,325.86561708213713,115.2348022953673,0.03585080717217022,0.011303896023587563
learnable_seasonal_cdf_rz,6,36,5,1.8822252703128108,0.1822293757843466,81.27474947297078,29.820203717485516,0.0071683946133610996,0.0030916843392862063
ry,1,12,5,0.20016103507723146,7.928578270080922e-16,1.58548097501919,2.9310728916085627e-15,0.0055234276221065,0.0
ry,1,24,5,0.7885724564226881,1.870981097424087e-15,6.145715564762368,2.6298931511613205e-14,0.022351162899506078,8.407594631646305e-17
ry,1,36,5,0.27568440708471353,0.0,1.8866198827756784,0.0,0.0016935913506744,0.0
ry,2,12,5,0.344361669334644,0.09369933023988627,2.249499683320173,0.4534815089110627,0.0019018576293303598,0.0003582941935895708
ry,2,24,5,0.33158473336962146,0.08516953446264153,2.177496305796343,0.39842237080655524,0.0031066257531686,0.0005028641191769078
ry,2,36,5,0.4322598764209702,0.1368398756367871,2.8060618454372133,0.7777626493860936,0.00145759184576744,0.0002655434903032238
ry,3,12,5,0.3113158056478403,0.11999554814737753,2.1075621911982614,0.5309020059485458,0.00048799063382492,0.00013988628048647547
ry,3,24,5,0.3519622826797197,0.0807822160926545,2.279980055009177,0.42084239416763247,0.00059704841254244,8.886470618841995e-05
ry,3,36,5,0.3006736237504981,0.10512137049567111,2.0472521957568506,0.5203738314425476,0.00025298663573369997,7.114608809853605e-05
ry,4,12,5,0.20394149588188232,0.053382580002649734,1.6088034771999482,0.19076213420786417,0.00018400043033892,2.873078034607589e-05
ry,4,24,5,0.06372186284789683,0.06571819652941328,1.1684316393191716,0.17076433212632286,0.00015813789928746002,2.0939452057408746e-05
ry,4,36,5,0.18902273237236597,0.12256747650058696,1.5998373101736945,0.5116811149737996,0.00012664779311023447,4.1303578108340666e-05
ry,5,12,5,0.13088418412498842,0.06580498794779009,1.3635152613528085,0.19032521788589013,9.900180128933118e-05,1.0422767843839825e-05
ry,5,24,5,-0.028694764130891316,0.04699748347933532,0.940398002412571,0.09961836999447782,7.748802613848926e-05,1.0988888519771278e-05
ry,5,36,5,0.07077725260481885,0.04491100071847417,1.1819832715664824,0.12004868128970514,7.414555723516311e-05,7.236991672593869e-06
ry,6,12,5,0.052709078411190546,0.060361675267856255,1.1378336123989492,0.1592518921893287,7.432521251080805e-05,9.265539135950002e-06
ry,6,24,5,-0.07428451377285938,0.08202825726066786,0.854981955507087,0.16368215716141304,5.934315595503869e-05,1.1607672588169564e-05
ry,6,36,5,0.045268951220205446,0.06527918827694872,1.1201311613497271,0.17333072330350544,6.736205706263094e-05,1.2047245330598081e-05
same_scalar_rxryrz,1,12,5,-0.09379387706439375,3.964289135040461e-16,0.8057607770943509,7.130536482749599e-16,0.0087223762098494,0.0
same_scalar_rxryrz,1,24,5,0.08922648842742373,5.575348357045502e-16,1.228079518556362,1.5100665727558131e-15,0.0163204681398306,0.0
same_scalar_rxryrz,1,36,5,0.23152281267434272,6.286500016609089e-16,1.704208835857284,2.5072365940373352e-15,0.015375086074328198,0.0
same_scalar_rxryrz,2,12,5,0.23022245111672407,0.07434221610682432,1.718458462323295,0.27999806219016005,0.0009040063552215999,0.00015413691068104712
same_scalar_rxryrz,2,24,5,0.10220669752283902,0.06347032940322142,1.2760064256216093,0.18177725956196567,0.0008597181682095601,0.0001942457500243856
same_scalar_rxryrz,2,36,5,-0.023588284641282355,0.15255341915738854,0.9954815278137623,0.3524684798383988,0.0005211261609536801,0.00015222607217053234
same_scalar_rxryrz,3,12,5,0.024516122006656628,0.050099694695038596,1.0635164856479722,0.11609398190189861,0.00016750679429918,2.2092330928249154e-05
same_scalar_rxryrz,3,24,5,0.12914818187855773,0.08430233304780357,1.3668090343888,0.26589418716061763,0.00024859297061892,4.133557233494946e-05
same_scalar_rxryrz,3,36,5,0.04447131295827189,0.08870757829240708,1.1264692724529013,0.23060904962169068,0.00015638598872856,4.134699646142067e-05
same_scalar_rxryrz,4,12,5,0.08148641877309562,0.05891870103198051,1.2149786807703262,0.15608590871187755,9.777205517371226e-05,1.5518249727787433e-05
same_scalar_rxryrz,4,24,5,0.10058570463226894,0.04263453109071238,1.2654401870845855,0.12232816865524025,0.00011058918686803391,1.3613295112711105e-05
same_scalar_rxryrz,4,36,5,0.019640203486324382,0.03441431596079317,1.048844142602213,0.0808458333277403,7.665948110597632e-05,6.984289153790033e-06
same_scalar_rxryrz,5,12,5,-0.021195781009846294,0.061738029441265864,0.9601427626886501,0.13763138442272532,6.772133286219715e-05,8.363721080384731e-06
same_scalar_rxryrz,5,24,5,-0.005402666012205693,0.034125182530820995,0.9900405974220678,0.0759644675701771,6.807767270151447e-05,7.034315583447766e-06
same_scalar_rxryrz,5,36,5,0.013227819850594003,0.08342345060299781,1.0452635643392614,0.1818809918353545,6.512393341813935e-05,7.178140907312215e-06
same_scalar_rxryrz,6,12,5,-0.029298507781381034,0.04147753007117606,0.938195304076942,0.09023977885201567,6.242978969054e-05,6.612239457820276e-06
same_scalar_rxryrz,6,24,5,0.022556478294691828,0.05103220450276234,1.0594196943939234,0.13330204912604982,6.141459345082626e-05,8.630730962856772e-06
same_scalar_rxryrz,6,36,5,0.027736377444896654,0.07378793699703474,1.078602056850784,0.18946165399819803,6.497559538608666e-05,8.887182172895875e-06
seasonal_meridian,1,12,5,0.9874933393871185,1.3229834214604202e-15,9.716130501949939,2.920203141125483e-14,0.15398935653737206,1.5639472591400866e-16
seasonal_meridian,1,24,5,1.0544291315905334,7.611305586242616e-16,11.33519854627361,1.9640595272370815e-14,0.21572483548789934,3.4943376836555273e-16
seasonal_meridian,1,36,5,1.0611985311650791,4.2998752849492583e-16,11.513265802275805,1.0877919644084147e-14,0.13311861433221756,1.4084416362486778e-16
seasonal_meridian,2,12,5,1.3001211750763062,0.028322579443654364,19.992040297245225,1.2961121965432794,0.02956629629047896,0.001360973452201304
seasonal_meridian,2,24,5,1.5588658693436144,0.04765286584865771,36.392544723198235,4.1526126739994105,0.060478391947075064,0.0016539821369028589
seasonal_meridian,2,36,5,1.336127939931415,0.015032573593718675,21.693875513695055,0.7567166811480289,0.02144492574283366,0.0011407854489283147
seasonal_meridian,3,12,5,1.247335832287483,0.08797421514058898,17.97774129246761,3.8489089713752045,0.00807868465720318,0.0010779156234832997
seasonal_meridian,3,24,5,1.619665482417663,0.06342527937485004,42.009054177408785,6.073013837810302,0.02196770292724488,0.0011095511321975503
seasonal_meridian,3,36,5,1.154576042843221,0.12195689419999876,14.744104892176585,4.294860407691788,0.00424138592434618,0.0008889934380949379
seasonal_meridian,4,12,5,1.1343009771450472,0.07238103707560041,13.767601089761595,2.10626965430438,0.0024843116046603803,0.00018310959422157235
seasonal_meridian,4,24,5,1.5232655626799931,0.08459335773967698,33.895225648239716,7.028422644840269,0.00858822991286724,0.0002778168927982679
seasonal_meridian,4,36,5,0.9413129400637243,0.07297966294373788,8.835844408101925,1.5024947256806516,0.00118041136680914,0.00010853420416097917
seasonal_meridian,5,12,5,1.0376794674736671,0.049636306294356454,10.964846180224319,1.2989679405639916,0.00099846115811766,0.00014688870597198873
seasonal_meridian,5,24,5,1.468482131231961,0.036116506315054135,29.49088584669076,2.4649914987043666,0.0036882572880755403,0.0001506459967214806
seasonal_meridian,5,36,5,0.6615637295566457,0.061920444975139724,4.622968037439035,0.611075174697883,0.0003560027536659,5.66501301603272e-05
seasonal_meridian,6,12,5,0.8202548821356072,0.07523533707169608,6.686278303068148,1.065070736095334,0.00048131908153648,7.800041243103541e-05
seasonal_meridian,6,24,5,1.2485654736248053,0.03944208980553027,17.782227696669086,1.5941395912347,0.0015859223168681,9.03304377473498e-05
seasonal_meridian,6,36,5,0.34693792878946866,0.11783002878115141,2.2906002804032966,0.6428901555711111,0.00014735298464434144,3.5044295001879036e-05
