encoding,depth,seed,seasonal_lag,center_fidelity,neighbor_geometric_mean_fidelity,neighbor_arithmetic_mean_fidelity,log10_seasonal_prominence,seasonal_prominence_ratio,seasonal_prominence_arithmetic_ratio
learnable_seasonal_cdf,1,42,12,0.3655976951836405,0.001657416310113245,0.002518778811523275,2.3435718408886173,220.58289939156,145.1487893700912
learnable_seasonal_cdf,1,42,24,0.3437576173709475,0.0013597100244868293,0.002433411815568275,2.402806031129515,252.81685887451314,141.26569747532426
learnable_seasonal_cdf,1,42,36,0.3473530594938128,0.0011140884498619542,0.0020675757683428003,2.4938514567299555,311.7823001727136,168.0001598065848
learnable_seasonal_cdf,1,43,12,0.5126883795954317,0.0006198375911642788,0.0019004859938478867,2.9175755627233264,827.133408660191,269.76698657873237
learnable_seasonal_cdf,1,43,24,0.4727759406270174,0.0005643696342576769,0.002034945063401562,2.9230917287442044,837.7061980821596,232.3286014595093
learnable_seasonal_cdf,1,43,36,0.3768471077973704,0.000495147798109122,0.002315372259650065,2.8814303344142034,761.0800436485425,162.75875562849035
learnable_seasonal_cdf,1,44,12,0.4718228109387928,0.002375536925067625,0.006653281450220626,2.2980171482057488,198.6173340266481,70.91580515102768
learnable_seasonal_cdf,1,44,24,0.4052073004483669,0.00246314197741714,0.0074985868937157505,2.216187815626604,164.5083004404273,54.037821551145065
learnable_seasonal_cdf,1,44,36,0.3610750685489465,0.0013129224594220013,0.0031204422955716502,2.439358424748505,275.0162935805862,115.71278503094359
learnable_seasonal_cdf,1,45,12,0.5336034635598836,0.0006180887834902534,0.0021328542170856567,2.9361677773897106,863.3119995265178,250.18281103572198
learnable_seasonal_cdf,1,45,24,0.5013179929552358,0.0006053048207406796,0.0019061472548954925,2.9181391595726116,828.2075010435228,263.0006635991622
learnable_seasonal_cdf,1,45,36,0.4803149919070555,0.0005503430855011527,0.0017230644053047185,2.9408926279559315,872.7555675014464,278.75626147712876
learnable_seasonal_cdf,1,46,12,0.466136719642127,0.0014542018666638182,0.00362680100527015,2.5058886177853563,320.5447127581553,128.5255846584298
learnable_seasonal_cdf,1,46,24,0.4751251269824695,0.0014772229880680322,0.0032733328100226747,2.5073619412989196,321.63399217328447,145.15026566430262
learnable_seasonal_cdf,1,46,36,0.4345622232032213,0.0010334238166176462,0.002689902615676575,2.6237735038882537,420.5072654755777,161.55314347464528
learnable_seasonal_cdf,2,42,12,0.1674628729775678,0.0024827277718741094,0.009271778020206225,1.8289894353567244,67.45116193353607,18.061570565280103
learnable_seasonal_cdf,2,42,24,0.2401581417236251,0.002549818051414929,0.010101346280059225,1.973988123082516,94.18638384427389,23.774864762107438
learnable_seasonal_cdf,2,42,36,0.1360712039919433,0.0022643176788602003,0.00871746178568775,1.7788288701853205,60.09368970719604,15.609039343922767
learnable_seasonal_cdf,2,43,12,0.1038709982837577,0.00016284436257880068,0.0002716684071334889,2.8047215770052474,637.8544313039655,382.3447834061872
learnable_seasonal_cdf,2,43,24,0.1706426924084044,0.0001388824094420909,0.00025071397561443414,3.0894404524315497,1228.6847059602346,680.6269654103006
learnable_seasonal_cdf,2,43,36,0.0882637923924464,0.00012674646654825991,0.00020470126471920048,2.8428467227910126,696.3806944380507,431.18342484851036
learnable_seasonal_cdf,2,44,12,0.0981893737986143,0.00106469496269645,0.0035965369334985497,1.9648392909989743,92.22300963079562,27.301088690086125
learnable_seasonal_cdf,2,44,24,0.1480923185087979,0.0012324870307127964,0.0039175204875573745,2.0797501744651186,120.15730374310722,37.80256388681592
learnable_seasonal_cdf,2,44,36,0.082630141530683,0.0008188777176895447,0.002775929613985375,2.0039194428480607,100.90656974257782,29.766655867059868
learnable_seasonal_cdf,2,45,12,0.0746850262810647,0.001623685739744228,0.0044837149217176,1.6627315617125558,45.997217597556464,16.656952456837896
learnable_seasonal_cdf,2,45,24,0.1675395027856962,0.0018584327341433086,0.006761355803320024,1.9549703757790002,90.15096414717843,24.77898037896917
learnable_seasonal_cdf,2,45,36,0.0724754551802214,0.0013158297173111932,0.004518487835510275,1.7409912611300782,55.07966131690655,16.039758834945875
learnable_seasonal_cdf,2,46,12,0.0788700072424208,0.00021114269382822523,0.0002892466307162895,2.572335822579499,373.5388888548772,272.6739013246493
learnable_seasonal_cdf,2,46,24,0.1534864352647046,0.00022236038327453663,0.00029014556380497304,2.839012585738085,690.2598070952365,528.9980424028591
learnable_seasonal_cdf,2,46,36,0.0580672917599621,0.0001955319083669119,0.00030201910296431524,2.4727139321950364,296.9709253335772,192.2636389222803
learnable_seasonal_cdf,3,42,12,0.0552988798541892,0.00030032758663619803,0.0005369614606600376,2.265121108015874,184.12853935118355,102.98482089611299
learnable_seasonal_cdf,3,42,24,0.1243682017124324,0.0003300459673909923,0.0006965464901427399,2.576134923974221,376.82084921552257,178.5497500489109
learnable_seasonal_cdf,3,42,36,0.0552538240782181,0.00025733852444247054,0.0004086348756713798,2.3318575341905916,214.7126016127073,135.21563470919375
learnable_seasonal_cdf,3,43,12,0.043894927234583,0.0001484780551080841,0.00019150106419023983,2.4707520632704565,295.63242327379504,229.21505642901894
learnable_seasonal_cdf,3,43,24,0.1325568440345419,0.00014875962050094234,0.00020653775243609625,2.9499170939162,891.0808160720081,641.8044278638871
learnable_seasonal_cdf,3,43,36,0.0288632628326579,0.00017185502561290985,0.00021192100129928222,2.2251831872533003,167.95122941397221,136.1982184667776
learnable_seasonal_cdf,3,44,12,0.0629418207838923,0.00034701447183405727,0.0009430093153896082,2.258591715136018,181.38096792110497,66.74570415869924
learnable_seasonal_cdf,3,44,24,0.1198687683662603,0.00029289381012023014,0.0007949637039559477,2.6119958494364477,409.2567484340322,150.785209148244
learnable_seasonal_cdf,3,44,36,0.04485001209074,0.000257997416515401,0.0006396581356178107,2.240147207326977,173.83899690353184,70.1155970562648
learnable_seasonal_cdf,3,45,12,0.0506232357361166,0.00028295039377643173,0.000572816934242015,2.252639598274527,178.91205260564388,88.37594126490733
learnable_seasonal_cdf,3,45,24,0.0921553761857384,0.0002508600831081537,0.0005601376900279407,2.565089114472606,367.35767222881475,164.52271972832523
learnable_seasonal_cdf,3,45,36,0.0405047563480677,0.0001872733478931145,0.00026849405066032157,2.3350300496077354,216.28681712458973,150.8590460326857
learnable_seasonal_cdf,3,46,12,0.0656847476045606,0.0004874075555626878,0.001249346994014358,2.1295722783329003,134.76349895464955,52.575263653138244
learnable_seasonal_cdf,3,46,24,0.1266653266498892,0.0004914935504055053,0.0013101769036573977,2.4111399242344738,257.71513490947007,96.67803355127019
learnable_seasonal_cdf,3,46,36,0.0593135130910753,0.0004224378234401807,0.0008180719338525863,2.147390851397665,140.40767611206658,72.50403129190273
learnable_seasonal_cdf,4,42,12,0.0289453565672048,0.0001463445716343832,0.00016707381072618985,2.296202286085512,197.7890689346498,173.24891580190334
learnable_seasonal_cdf,4,42,24,0.067025946818845,0.00015448792119194637,0.00017955682051068447,2.6373484283125377,433.8588175807437,373.28544038713716
learnable_seasonal_cdf,4,42,36,0.0224240304377408,0.0001428108856402107,0.0001550782828671056,2.1959523618163947,157.01905591590958,144.59813471727105
learnable_seasonal_cdf,4,43,12,0.034081867395457,0.0002224481055408701,0.000296961468903725,2.18529467090743,153.21266644455713,114.76865170850282
learnable_seasonal_cdf,4,43,24,0.0646113632854543,0.0002654887551432298,0.00037489167244880977,2.386262773521727,243.3676079824806,172.34675516639217
learnable_seasonal_cdf,4,43,36,0.0232814854951724,0.00020007305521215946,0.0002659837418016123,2.065822083318863,116.36492215548203,87.52973146959194
learnable_seasonal_cdf,4,44,12,0.03426211383473,0.0001429318668217353,0.00016763055488321784,2.3796850876468376,239.70941257950355,204.39062471993353
learnable_seasonal_cdf,4,44,24,0.058532643450167,0.00014273222168077396,0.00017586534890323092,2.612876112354347,410.0871040953699,332.8264710200206
learnable_seasonal_cdf,4,44,36,0.0278140573935591,0.00010810498070081942,0.0001290590183079546,2.4104186428892977,257.28747383559056,215.51424889340547
learnable_seasonal_cdf,4,45,12,0.0288356187085363,0.00019488797063059798,0.00027163068260749237,2.170144240922644,147.95997215853305,106.15744300949943
learnable_seasonal_cdf,4,45,24,0.0766257608555112,0.0002759700191350375,0.0004175060764406082,2.4435128961846573,277.65972947234053,183.53208535016736
learnable_seasonal_cdf,4,45,36,0.0201587448947549,0.00018977041567083734,0.000247010084670837,2.0262349801021777,106.22701554135222,81.61101973475387
learnable_seasonal_cdf,4,46,12,0.0192752377016184,0.000149164175983903,0.00020254202193523084,2.1113352091416324,129.22162827955742,95.16661045174251
learnable_seasonal_cdf,4,46,24,0.0686506542941554,0.00016780284090170256,0.0002730619164166784,2.611845371597373,409.11497043348834,251.41057821259133
learnable_seasonal_cdf,4,46,36,0.0156651952108616,0.00013584680123442805,0.0001731292147352317,2.061886394582216,115.31515698944206,90.48267927985779
learnable_seasonal_cdf,5,42,12,0.0128992589189078,0.00012267679794826633,0.0001534622359784156,2.0218023284601614,105.14831764966274,84.05493922766821
learnable_seasonal_cdf,5,42,24,0.0382125544459512,0.00016531679895353632,0.00024741194598603056,2.3638890831237394,231.14743745244652,154.4491083228001
learnable_seasonal_cdf,5,42,36,0.0109804978996655,0.000111630470664851,0.00013424215028207232,1.9928392773579422,98.36470127078769,81.79620094428655
learnable_seasonal_cdf,5,43,12,0.0118663173406098,8.910800853107903e-05,9.92721470920577e-05,2.124399220724495,133.16779867738904,119.53319927296273
learnable_seasonal_cdf,5,43,24,0.0511348612287676,0.00011738862748080632,0.00016283257413159965,2.6390910568486126,435.60319535321605,314.0333652616762
learnable_seasonal_cdf,5,43,36,0.0061358046861407,8.434225080045819e-05,9.292791119172122e-05,1.8618263401368798,72.7488847867855,66.02757564927734
learnable_seasonal_cdf,5,44,12,0.0259070056319183,0.00014894319656933038,0.00021165950079818352,2.240396549229513,173.93883190803592,122.39944596968753
learnable_seasonal_cdf,5,44,24,0.0649285921639207,0.00018319526979551466,0.000264928338737087,2.549521730488589,354.42286384574743,245.07982978882217
learnable_seasonal_cdf,5,44,36,0.023203112546455,0.00012353536508558167,0.00016864666979925244,2.273754943531309,187.82566862841716,137.58417272084108
learnable_seasonal_cdf,5,45,12,0.0272445875556058,0.00022501771919870896,0.0003382188303148208,2.0830635193664615,121.07752070647652,80.55313635330711
learnable_seasonal_cdf,5,45,24,0.0709930400309249,0.00023011522368714569,0.00035959828887021896,2.4892704225757107,308.51083597773544,197.42318645055255
learnable_seasonal_cdf,5,45,36,0.0241349397208825,0.00021365922940992107,0.000302829186201283,2.0529245607470883,112.95996801794051,79.69819561857095
learnable_seasonal_cdf,5,46,12,0.0130116389266213,0.00011570297217885342,0.00013846329253907534,2.05098748783677,112.45725742038783,93.9717573374136
learnable_seasonal_cdf,5,46,24,0.0507503033545015,0.00010822717106098179,0.00012296989332945054,2.671102335925837,468.9238650237445,412.70511001042814
learnable_seasonal_cdf,5,46,36,0.0076419018663334,9.176542709595687e-05,0.00010613475395903534,1.9205223661374515,83.27648122143485,72.00188045174093
learnable_seasonal_cdf,6,42,12,0.0143856013519381,8.07364827861975e-05,8.182465192340077e-05,2.250858195306018,178.1796884815179,175.81011362449814
learnable_seasonal_cdf,6,42,24,0.0477629593110938,7.708477489763451e-05,7.722899282047434e-05,2.792122618577354,619.615992581169,618.4589176518597
learnable_seasonal_cdf,6,42,36,0.0091189586219522,7.975529844560949e-05,8.074651398805224e-05,2.0581857005551045,114.33671241505083,112.9331555205157
learnable_seasonal_cdf,6,43,12,0.0291180943020967,0.00010874229403172517,0.00012405212927738685,2.4277644575549853,267.7715654371022,234.72466350808992
learnable_seasonal_cdf,6,43,24,0.0622034137562146,0.00012820261224307585,0.00015431517721746176,2.6859173452434164,485.1961490322453,403.0932982603339
learnable_seasonal_cdf,6,43,36,0.0203745208633952,0.00010793895615442995,0.00012332117784801043,2.2759091906466677,188.75966184298707,165.21510107944454
learnable_seasonal_cdf,6,44,12,0.0090714841395917,8.996313814855314e-05,9.890039336626116e-05,2.003613749243991,100.8355680591339,91.72343840935969
learnable_seasonal_cdf,6,44,24,0.0399529550216503,0.00010822233614357726,0.0001233741453684413,2.567232001752699,369.1747604546735,323.8357185967598
learnable_seasonal_cdf,6,44,36,0.0065649806954166,8.580585605582128e-05,9.556490206851736e-05,1.8837165248900143,76.50970454913623,68.69656697507723
learnable_seasonal_cdf,6,45,12,0.0154621673447928,0.00010645677918282549,0.0001334395267499832,2.1620970466768576,145.24361401389538,115.87396719236901
learnable_seasonal_cdf,6,45,24,0.0497086007637776,0.0001588739168209157,0.00023760602234631936,2.495378935837344,312.88081617456214,209.20598002068112
learnable_seasonal_cdf,6,45,36,0.0097321834389325,9.854511169686308e-05,0.00011004699210325167,1.9945752001275037,98.75866262011958,88.43661469457767
learnable_seasonal_cdf,6,46,12,0.0064977374852448,7.499395228982995e-05,7.941922780212792e-05,1.9377359193035884,86.64348639918222,81.81567191050809
learnable_seasonal_cdf,6,46,24,0.0202458646099803,7.68595750417799e-05,8.37539215464505e-05,2.4206383493563832,263.413694376724,241.73034809781183
learnable_seasonal_cdf,6,46,36,0.0029796854515998,7.145002697283747e-05,7.318700691610848e-05,1.6201680234282936,41.70306965359944,40.71331206392006
learnable_seasonal_cdf_rz,1,42,12,0.4252613508206356,0.0011426836643671676,0.0029308688761535,2.570729895550097,372.1601735298724,145.0973649079629
learnable_seasonal_cdf_rz,1,42,24,0.3945521996532171,0.0009730500826663249,0.002898101253654175,2.6079692750620125,405.47984803832094,136.14162001956686
learnable_seasonal_cdf_rz,1,42,36,0.4050235041756984,0.0007723028094675552,0.0025063888063579353,2.7196926120554017,524.4361398282776,161.59643832923234
learnable_seasonal_cdf_rz,1,43,12,0.4740864563719612,0.0008548034055122106,0.0025274726524902747,2.7439913049268436,554.6146088267883,187.57332780825624
learnable_seasonal_cdf_rz,1,43,24,0.4382665649452165,0.0007971182730863977,0.0027175392657462585,2.740215574908466,549.8137224332755,161.27331460098145
learnable_seasonal_cdf_rz,1,43,36,0.3896480963816575,0.000609466389196985,0.002610059712266852,2.805722798665067,639.3266360349195,149.28704295552146
learnable_seasonal_cdf_rz,1,44,12,0.5787275145135229,0.003140571931969121,0.009652940005202676,2.265465385592816,184.27456114678583,59.95349750455346
learnable_seasonal_cdf_rz,1,44,24,0.4924213458581543,0.003472862532978328,0.010863298330896325,2.151649277913144,141.79119996317667,45.32889835655695
learnable_seasonal_cdf_rz,1,44,36,0.4664119436222709,0.0023326894869449975,0.006855175414178825,2.3009127309970228,199.9460049151704,68.03792980374696
learnable_seasonal_cdf_rz,1,45,12,0.5516257316646898,0.0010172924155020932,0.005290966861703694,2.7341987098990472,542.2489377279296,104.25802052501724
learnable_seasonal_cdf_rz,1,45,24,0.5187963739071403,0.0010068912720065583,0.0050638338342177186,2.7120143556537295,515.2456758049652,102.45130288468205
learnable_seasonal_cdf_rz,1,45,36,0.4903460299343707,0.0009383183913922992,0.004482824099845685,2.718152434659755,522.579578992141,109.38328585126732
learnable_seasonal_cdf_rz,1,46,12,0.4694639039157281,0.0016772265111238477,0.004591016413505825,2.447010487431161,279.9048910818596,102.25707373527614
learnable_seasonal_cdf_rz,1,46,24,0.4777391161786319,0.0016032652845325336,0.0042208185588012755,2.47418541286913,297.97883156805636,113.186366464971
learnable_seasonal_cdf_rz,1,46,36,0.4392032946841957,0.0012515988496823514,0.0035156941572912002,2.545200433991385,350.9137890272613,124.92647967495459
learnable_seasonal_cdf_rz,2,42,12,0.1387881461414571,0.0018929357537357517,0.0062946784874076496,1.8652165004734065,73.3189945129176,22.048488484217167
learnable_seasonal_cdf_rz,2,42,24,0.179707861367241,0.0018336284233963266,0.0065515406498822745,1.9912557434353144,98.0066948538997,27.429862832411825
learnable_seasonal_cdf_rz,2,42,36,0.0893429054453206,0.0017641460095740326,0.0063450890724561,1.7045255450168277,50.643713706493706,14.080638494604639
learnable_seasonal_cdf_rz,2,43,12,0.1114303649699865,0.0002008875139070649,0.0003374231829685693,2.7440506088078136,554.6903478607271,330.23920878716314
learnable_seasonal_cdf_rz,2,43,24,0.1823742738712381,0.00019370786629418842,0.00030320307553543586,2.973816318380663,941.4913155579457,601.4921634590205
learnable_seasonal_cdf_rz,2,43,36,0.0868166633820425,0.00019103188783575024,0.00032517869287246017,2.657497223081213,454.4616313308265,266.9814021796725
learnable_seasonal_cdf_rz,2,44,12,0.09845789137728,0.0011773749890145522,0.003955404494645225,1.9223357246183919,83.62492179291831,24.891990568997688
learnable_seasonal_cdf_rz,2,44,24,0.1452167982469582,0.001314328962906777,0.004170196446363074,2.043312778929519,110.48740638401205,34.82253177152006
learnable_seasonal_cdf_rz,2,44,36,0.0791339791195099,0.0009531754186866925,0.0035239585837660496,1.9191901701901402,83.02142246654091,22.45599011408912
learnable_seasonal_cdf_rz,2,45,12,0.0814097965335903,0.0009940696012953527,0.0024483874625307748,1.913259876067,81.89546931875473,33.250373063682126
learnable_seasonal_cdf_rz,2,45,24,0.173485797080738,0.0011612565652827185,0.003927233577557225,2.174335743464659,149.3948902140341,44.17506462364476
learnable_seasonal_cdf_rz,2,45,36,0.0723153990916513,0.0008459919259406315,0.0025220340635268,1.931864569117012,85.48001094838597,28.67344265387352
learnable_seasonal_cdf_rz,2,46,12,0.0999055040721111,0.00025776827802372515,0.0005186690725781751,2.588359945054317,387.57873869536337,192.61897297154363
learnable_seasonal_cdf_rz,2,46,24,0.1601896739421196,0.0002551437397717301,0.0005057833281216944,2.797849600487543,627.8408950399365,316.71600275360805
learnable_seasonal_cdf_rz,2,46,36,0.0676570483268531,0.00022178831843373083,0.0005110420172081714,2.4843743787326154,305.0523526425882,132.39038288175277
learnable_seasonal_cdf_rz,3,42,12,0.0551139915858035,0.00024581747058746305,0.00043989450817187787,2.350649120030938,224.20697541997384,125.2891103706825
learnable_seasonal_cdf_rz,3,42,24,0.1130240513150362,0.00028024193256656095,0.0005204714015020647,2.6056377511604056,403.3088491787061,217.15708296143117
learnable_seasonal_cdf_rz,3,42,36,0.0527678435317125,0.00023619241400732907,0.0003655219760757227,2.34910340129127,223.41040779605706,144.36298495163788
learnable_seasonal_cdf_rz,3,43,12,0.0673019461787686,0.0002890876450493934,0.0005740172968311614,2.3669980916476083,232.80810277197898,117.24724420380045
learnable_seasonal_cdf_rz,3,43,24,0.1306187600188827,0.0002816694418608602,0.0005029364928838995,2.666265823421062,463.7306736433484,259.71223378502265
learnable_seasonal_cdf_rz,3,43,36,0.0505549324493524,0.00027346208941001285,0.00045778117139483207,2.266866406688246,184.86998530005866,110.43471337039598
learnable_seasonal_cdf_rz,3,44,12,0.0735124623613895,0.00034200154483474083,0.0008394966446578442,2.3323329022638015,214.94774942292025,87.56730932659197
learnable_seasonal_cdf_rz,3,44,24,0.1329652130731629,0.0003094053802720051,0.0007524454084273341,2.6332101724443095,429.7443469026632,176.71077739854897
learnable_seasonal_cdf_rz,3,44,36,0.0514120648691698,0.0002594410564552435,0.0005815631227551618,2.2970263427062303,198.16472215930452,88.40324095105028
learnable_seasonal_cdf_rz,3,45,12,0.0616380481157304,0.0006640622858052749,0.001322805424672275,1.967640061531907,92.81967886639586,46.5964585313076
learnable_seasonal_cdf_rz,3,45,24,0.1049312177570624,0.0005600720195829398,0.001300125559129425,2.272660836540557,187.35307976142056,80.70852620367316
learnable_seasonal_cdf_rz,3,45,36,0.0465678363459871,0.00037440907452432586,0.0006530999288496501,2.094739693876172,124.3768901839517,71.30277357097594
learnable_seasonal_cdf_rz,3,46,12,0.0629683898779537,0.0004109854404095956,0.0010810566568370441,2.1852961515830804,153.2131888059058,58.24707657985903
learnable_seasonal_cdf_rz,3,46,24,0.127044704703973,0.00045424616204214907,0.001156766681365236,2.4466653015101008,279.6825054785705,109.82742393136068
learnable_seasonal_cdf_rz,3,46,36,0.0550756800168083,0.0003427075251175212,0.0006837399142876511,2.2060362273653054,160.70753041656073,80.55062877847121
learnable_seasonal_cdf_rz,4,42,12,0.0215579290736485,0.00013877515604845774,0.00016493500657567602,2.1912953143912324,155.34429711699164,130.70560047394923
learnable_seasonal_cdf_rz,4,42,24,0.0519548303298499,0.0001450496052063174,0.00018960390270950295,2.5541093797899537,358.1866372952191,274.0177263621585
learnable_seasonal_cdf_rz,4,42,36,0.0152115176649707,0.00013741595968817157,0.00017302117506306057,2.0441353708718903,110.69687756421544,87.91708679256513
learnable_seasonal_cdf_rz,4,43,12,0.0331855730999008,0.00021434010546323852,0.000303618347705786,2.189845882047465,154.82670883351068,109.30028883517433
learnable_seasonal_cdf_rz,4,43,24,0.0695280174090929,0.0002805312550460002,0.0004087788164520912,2.394178590982881,247.84410349460714,170.08713419287852
learnable_seasonal_cdf_rz,4,43,36,0.0235525352942984,0.0002143489836802778,0.00027276869550235,2.040916234595504,109.87938869553628,86.34618151808952
learnable_seasonal_cdf_rz,4,44,12,0.0227646643360524,9.877088586376532e-05,0.00010998485490071532,2.362632302119742,230.47949946962814,206.97999153249185
learnable_seasonal_cdf_rz,4,44,24,0.040256544702131,0.00010795166162721018,0.00012381503578135582,2.571607164284449,372.9126916188568,325.1345399860787
learnable_seasonal_cdf_rz,4,44,36,0.0163875542243302,9.076205076965288e-05,9.760305559667981e-05,2.2566098415127387,180.5551338402495,167.9000121886313
learnable_seasonal_cdf_rz,4,45,12,0.027181398056454,0.00019178638724177442,0.0002513676783149331,2.1514540123592862,141.72746276401725,108.1340219978442
learnable_seasonal_cdf_rz,4,45,24,0.0701279739841967,0.00026005422774933953,0.00038259620323264785,2.430827373623641,269.6667329392218,183.29500761290493
learnable_seasonal_cdf_rz,4,45,36,0.0189502838504077,0.00015847602211068455,0.0002050284783349243,2.077652158025812,119.57824027897567,92.42756910799221
learnable_seasonal_cdf_rz,4,46,12,0.0202493615803217,0.00015512552909442158,0.00020327631335677175,2.1157280595978687,130.53532644518066,99.61495880133313
learnable_seasonal_cdf_rz,4,46,24,0.0703628508840187,0.00017508448263378314,0.0002863306072315797,2.604095770213923,401.8794231536424,245.73988636538016
learnable_seasonal_cdf_rz,4,46,36,0.0165672714297026,0.00014318149180855776,0.0001764796054106716,2.0633641045408977,115.70819119452983,93.87640793478785
learnable_seasonal_cdf_rz,5,42,12,0.0094743384163951,8.782580581551813e-05,9.956450754878718e-05,2.03292675014604,107.87647580821923,95.15778915245093
learnable_seasonal_cdf_rz,5,42,24,0.0265974605358881,9.593880975014265e-05,0.00010897399109605459,2.442845847019565,277.23358883810374,244.07163827232773
learnable_seasonal_cdf_rz,5,42,36,0.0084526271799588,8.324297459018071e-05,8.96997058782774e-05,2.006644123149219,101.54162824637778,94.232496051091
learnable_seasonal_cdf_rz,5,43,12,0.00999971579318,8.59305731394396e-05,9.315591493087001e-05,2.0658399484212637,116.36970903188846,107.34386324905596
learnable_seasonal_cdf_rz,5,43,24,0.0517927650855423,0.00011256558318495729,0.00013927103648004373,2.6628634718226056,460.1119065002418,371.88468180147225
learnable_seasonal_cdf_rz,5,43,36,0.0048974488536306,7.801131480535208e-05,8.490550091670667e-05,1.7978123115712354,62.77869903680437,57.681172606649554
learnable_seasonal_cdf_rz,5,44,12,0.0259914244787399,0.00013627024192550046,0.0001639892527443693,2.2804290550367665,190.73441208792687,158.49468208295337
learnable_seasonal_cdf_rz,5,44,24,0.0622573889486136,0.00014864016030207984,0.00017607163660538484,2.6220547375639214,418.8463523053832,353.59124359220937
learnable_seasonal_cdf_rz,5,44,36,0.0232481766456121,0.00010856985490910999,0.000123823862404036,2.3306796394028444,214.13104645920788,187.75199056344678
learnable_seasonal_cdf_rz,5,45,12,0.0226730891134199,0.0001958923075914111,0.00028973242081714373,2.0634933127505843,115.74262099515948,78.25527101687169
learnable_seasonal_cdf_rz,5,45,24,0.0606979309381029,0.0002148656776507419,0.0003441946496810179,2.451006839737343,282.49244645189754,176.34768871147375
learnable_seasonal_cdf_rz,5,45,36,0.0205504949269463,0.0001857606687745317,0.00025086472539378963,2.0438685197083064,110.62888103557381,81.9186312252055
learnable_seasonal_cdf_rz,5,46,12,0.0125857894070103,0.00012402964306562896,0.00015196169656270762,2.006354966713789,101.47404359093956,82.82211696561787
learnable_seasonal_cdf_rz,5,46,24,0.0449713984305306,0.00010887553909288179,0.00012663301117556608,2.6160060741855853,413.0532790488913,355.1317149694997
learnable_seasonal_cdf_rz,5,46,36,0.0074923021292029,9.430027880874542e-05,0.00011798380427931163,1.9001023053273776,79.45153740635666,63.50280171900398
learnable_seasonal_cdf_rz,6,42,12,0.0172112275101611,8.981823738927261e-05,9.628198801836785e-05,2.2824473173211115,191.6228597936916,178.75853899981468
learnable_seasonal_cdf_rz,6,42,24,0.0455404807212623,9.052292433668538e-05,9.77648077369158e-05,2.7016390353153117,503.0822971635545,465.81670618952495
learnable_seasonal_cdf_rz,6,42,36,0.0104644726740025,8.689401450298459e-05,8.889706433724319e-05,2.0807274861574823,120.42800339997031,117.7144909341898
learnable_seasonal_cdf_rz,6,43,12,0.0156729470003645,0.0001100392075456565,0.00012702578731171011,2.1536032108560006,142.43056952097388,123.3839784193147
learnable_seasonal_cdf_rz,6,43,24,0.0384786264293942,0.0001287818464525464,0.0001622469096290938,2.4753649130004654,298.78921206159924,237.16092045980204
learnable_seasonal_cdf_rz,6,43,36,0.0094936955903168,0.00010510106564633507,0.00011392981706001437,1.9558281827398596,90.32920391371745,83.32933234954501
learnable_seasonal_cdf_rz,6,44,12,0.0080858867333626,8.5416523812532e-05,8.964228029271285e-05,1.9761857604554174,94.66419812528443,90.20170735237214
learnable_seasonal_cdf_rz,6,44,24,0.0355640039235497,9.966650728705129e-05,0.00010468366325003167,2.5524614103740886,356.83004142124844,339.7283092645207
learnable_seasonal_cdf_rz,6,44,36,0.0055539833576628,8.024200798834461e-05,8.36181002325812e-05,1.8402027860661452,69.21540844877073,66.4208268570389
learnable_seasonal_cdf_rz,6,45,12,0.0134624574062755,0.00010968193289820061,0.00012285384526633698,2.0889892469329525,122.74088403210807,109.58108292898773
learnable_seasonal_cdf_rz,6,45,24,0.0428328862148238,0.0001541571472693752,0.00021138626877533062,2.443813674558918,277.8520942657127,202.62851727776237
learnable_seasonal_cdf_rz,6,45,36,0.0075448974760266,8.661432430972951e-05,9.496186889151133e-05,1.940063620990541,87.10911891486141,79.45186382806163
learnable_seasonal_cdf_rz,6,46,12,0.0058019846107376,7.842373753568657e-05,8.030954054623484e-05,1.8691290363805222,73.98250571897849,72.24527212177675
learnable_seasonal_cdf_rz,6,46,24,0.0168380385718211,8.734580439332644e-05,9.282189931336434e-05,2.2850494513184567,192.77444049857064,181.40157329658078
learnable_seasonal_cdf_rz,6,46,36,0.0027849239687968,7.08776104432125e-05,7.295610523835127e-05,1.5943042756100265,39.29201268753401,38.17259651811611
ry,1,42,12,0.0055234276221065,0.0034837552194782193,0.004618717763714876,0.20016103507723004,1.585480975019185,1.1958790089966351
ry,1,42,24,0.0223511628995061,0.0036368690779737247,0.007491655379950226,0.7885724564226886,6.145715564762374,2.983474514768003
ry,1,42,36,0.0016935913506744,0.0008976855200861731,0.002080159494204475,0.27568440708471353,1.8866198827756784,0.8141641808682983
ry,1,43,12,0.0055234276221065,0.0034837552194782054,0.00461871776371485,0.20016103507723182,1.5854809750191914,1.1958790089966418
ry,1,43,24,0.0223511628995061,0.003636869077973721,0.0074916553799502005,0.788572456422689,6.14571556476238,2.983474514768013
ry,1,43,36,0.0016935913506744,0.0008976855200861731,0.002080159494204475,0.27568440708471353,1.8866198827756784,0.8141641808682983
ry,1,44,12,0.0055234276221065,0.0034837552194782054,0.00461871776371485,0.20016103507723182,1.5854809750191914,1.1958790089966418
ry,1,44,24,0.0223511628995062,0.0036368690779737247,0.007491655379950226,0.7885724564226906,6.145715564762401,2.9834745147680164
ry,1,44,36,0.0016935913506744,0.0008976855200861731,0.002080159494204475,0.27568440708471353,1.8866198827756784,0.8141641808682983
ry,1,45,12,0.0055234276221065,0.0034837552194782054,0.00461871776371485,0.20016103507723182,1.5854809750191914,1.1958790089966418
ry,1,45,24,0.022351162899506,0.003636869077973721,0.0074916553799502005,0.788572456422687,6.145715564762352,2.9834745147679995
ry,1,45,36,0.0016935913506744,0.0008976855200861731,0.002080159494204475,0.27568440708471353,1.8866198827756784,0.8141641808682983
ry,1,46,12,0.0055234276221065,0.0034837552194782054,0.00461871776371485,0.20016103507723182,1.5854809750191914,1.1958790089966418
ry,1,46,24,0.022351162899506,0.003636869077973732,0.007491655379950251,0.7885724564226857,6.145715564762333,2.9834745147679795
ry,1,46,36,0.0016935913506744,0.0008976855200861731,0.002080159494204475,0.27568440708471353,1.8866198827756784,0.8141641808682983
ry,2,42,12,0.0019081130389273,0.0008221202581502357,0.000911832906454925,0.365668749323401,2.3209658441218073,2.0926126107312455
ry,2,42,24,0.0030553359877497,0.0011907649467208209,0.001573921222021475,0.40923293392642934,2.565859866939831,1.9412254851139
ry,2,42,36,0.0012696758756955,0.0005385580809804541,0.000595880358356325,0.37246032111774063,2.3575467912096575,2.13075638068986
ry,2,43,12,0.0019955919838868,0.0007487652551314494,0.00086283130344195,0.4257260670684455,2.6651770634529024,2.3128414278968727
ry,2,43,24,0.0024186380752521,0.0015390576993034475,0.0020196313408951,0.19631598359769242,1.5715057832768302,1.1975641426618784
ry,2,43,36,0.0017638974426913,0.0005431238711851459,0.000667193252975,0.5115744394200892,3.2476890379395686,2.6437579139568936
ry,2,44,12,0.0013059924951853,0.000820974664785055,0.000847501345617975,0.20161092626469346,1.5907829452048083,1.5409916479047072
ry,2,44,24,0.0033685594018935,0.0016015665474126495,0.0024150865470957254,0.322899221257257,2.103290311186538,1.394798627794262
ry,2,44,36,0.0013954947840551,0.00042520465632732554,0.00049056641987045,0.5161302058185342,3.2819367410239235,2.844660228524459
ry,2,45,12,0.0022652773646517,0.0008553432360093274,0.000937581920186025,0.4229809600432124,2.648384027937758,2.416084734443522
ry,2,45,24,0.0029251822978862,0.0013682425466718952,0.0020277315326605503,0.3299898455149468,2.137912101185127,1.4425885531543325
ry,2,45,36,0.0017009942503022,0.00048739113765108215,0.00058824082557745,0.5428252175729034,3.4899983173676863,2.89166303381342
ry,2,46,12,0.0020343132640007,0.001005995844552552,0.001106118374832325,0.3058216439734678,2.0221885358835894,1.8391460717837536
ry,2,46,24,0.0037654130030615,0.001500814218385281,0.0027096849022002502,0.39948568255178163,2.508913466393388,1.3896128660583391
ry,2,46,36,0.0011578968760931,0.0007004234602299461,0.0007395445859555251,0.21830919817558359,1.6531383396452297,1.5656890714669285
ry,3,42,12,0.0004025360346017,0.00022370660329516394,0.00023842336664875002,0.2551259603864504,1.79939272543772,1.6883245977929837
ry,3,42,24,0.0005507967374644,0.00022405653622403245,0.00030336832215220003,0.39063374137186724,2.4582935483464867,1.8156039943684859
ry,3,42,36,0.0002340096980821,0.0001132827935781519,0.00012055487674344138,0.3150699060096134,2.0657126355262463,1.9411051995856399
ry,3,43,12,0.0003128952519769,0.00023237048181991808,0.0002644064826674,0.1292180145036288,1.3465361414509904,1.1833872181208758
ry,3,43,24,0.0005725321695626,0.00032939446887299165,0.00047994537415665,0.24008359162311343,1.7381353473283667,1.1929111111210138
ry,3,43,36,0.0001650636735688,0.00010734993540132845,0.00011484562947555334,0.18684971887428725,1.5376224769182048,1.4372656088226357
ry,3,44,12,0.0005447664967442,0.00021301290905943282,0.00024260233361302503,0.4078044670680083,2.5574341909588414,2.2455121870886745
ry,3,44,24,0.0005513046236408,0.0002479358887234167,0.0002883569066022,0.34705223935286833,2.2235773388006943,1.911882847326237
ry,3,44,36,0.0002140454840134,0.00012759854828371523,0.000146796927380163,0.22466033605946967,1.6774915302129454,1.4581060232894525
ry,3,45,12,0.0004995273736543,0.00022247939936582525,0.00029513196671625166,0.35126948878404507,2.245274731405228,1.692555974915994
ry,3,45,24,0.0007552229761171,0.0002629750642221693,0.000361675569380975,0.45816062417104053,2.8718425389529116,2.0881227267014473
ry,3,45,36,0.0003275308170124,0.00015743872259958307,0.00017920714122777385,0.31814061114342707,2.0803701376910646,1.8276661006276833
ry,3,46,12,0.0006802280121475,0.00026272016908175915,0.0003168431516117,0.41316109749706875,2.5891731667385276,2.1468919517034033
ry,3,46,24,0.0005553855559273,0.000263459197036303,0.00035030456266409995,0.32388121687970894,2.108051501617426,1.5854362606742525
ry,3,46,36,0.0003242835059918,0.00011279174432634567,0.000122669682087217,0.4586475466656932,2.8750641984357928,2.6435505536016426
ry,4,42,12,0.0001555132152947,0.00011752311643581313,0.00012366014063325582,0.12164400126631492,1.3232563942399855,1.2575856253949462
ry,4,42,24,0.0001231803761151,0.00013414084781208593,0.0001470673501429355,-0.037019521072757744,0.9182913193426346,0.8375779939964946
ry,4,42,36,9.728541557867224e-05,7.871218304298516e-05,7.984165391816575e-05,0.09200578093104461,1.2359638853561483,1.2184794628426108
ry,4,43,12,0.0001595933276517,9.97117577171881e-05,0.00010203126338937888,0.20426835815970978,1.6005467289459845,1.5641610458418878
ry,4,43,24,0.0001704524297481,0.00012281760017068716,0.00013417802118721338,0.14234258923728227,1.3878501901291984,1.270345383244804
ry,4,43,36,0.0001025119308997,7.056712823906763e-05,7.148220163393767e-05,0.16217196991762428,1.4526867318790369,1.4340902848049704
ry,4,44,12,0.0001979257209492,0.00011190081566646349,0.0001157516584786051,0.24766898334723741,1.7687603059047046,1.7099169338103566
ry,4,44,24,0.0001573199438436,0.00014075295139907398,0.000147675642788725,0.048326272526511005,1.1177026291800722,1.0653073240295479
ry,4,44,36,0.0001984221449162,7.990936869659292e-05,8.143295257873592e-05,0.39499244033829406,2.483089882358938,2.436632083607057
ry,4,45,12,0.0001817893611849,0.00011694701539354545,0.0001261696467473355,0.1915793208671177,1.5544591760050452,1.440832766607862
ry,4,45,24,0.0001626472436836,0.00013403870051644743,0.0001442889008825628,0.08401649910026565,1.21343494868963,1.1272332292279301
ry,4,45,36,0.0001230182525772,7.877145378174098e-05,7.90952905232125e-05,0.19360069301140026,1.561711085313437,1.5553170329540316
ry,4,46,12,0.0002251805266141,0.00012530950507314077,0.00012914450545443526,0.2545468157690318,1.796994780904021,1.7436322654357768
ry,4,46,24,0.0001770895030469,0.00014697698855157127,0.00016201734746712577,0.08094347444818295,1.2048791092543227,1.0930280356727384
ry,4,46,36,0.0001120012215794,8.8487104007885e-05,9.00884387886399e-05,0.10234277766346667,1.2657349659609118,1.243236347364955
ry,5,42,12,9.520271939447573e-05,6.784814155113302e-05,6.826403306520708e-05,0.1471113975909093,1.4031735758410904,1.3946248869230495
ry,5,42,24,7.50697846512098e-05,7.547863798498777e-05,7.775041229297395e-05,-0.00235888467231149,0.9945831914208727,0.9655226568874878
ry,5,42,36,6.67833890126238e-05,5.628975837446347e-05,5.6483476924183354e-05,0.07423906969173899,1.186421667834356,1.1823526569064757
ry,5,43,12,0.0001084142686586,7.320297729378722e-05,7.42162217510288e-05,0.17055769955143063,1.4810090062798744,1.4607893813605128
ry,5,43,24,6.720678760030936e-05,8.171658611717643e-05,8.41285485708252e-05,-0.08489707760260945,0.8224375343328602,0.798858279882602
ry,5,43,36,6.611275994748079e-05,6.571730889458368e-05,6.62789719688223e-05,0.0026055167348690844,1.0060174565810585,0.9974922359776538
ry,5,44,12,9.49004257123412e-05,6.968050728932076e-05,7.007508703095397e-05,0.13415685685665935,1.361936492774151,1.3542676824706794
ry,5,44,24,9.489342071461016e-05,9.199044183422756e-05,9.532836062748941e-05,0.013493397550583985,1.0315573968610123,0.9954374552335077
ry,5,44,36,7.701122673009928e-05,6.364731091591894e-05,6.426030764185917e-05,0.08277398188958962,1.2099682708014914,1.1984260511061444
ry,5,45,12,0.0001107666674025,7.249018145881127e-05,7.333911672416531e-05,0.18412990255624306,1.5280230394434502,1.5103354437592003
ry,5,45,24,8.049465604878041e-05,7.963086284493504e-05,8.287074813654121e-05,0.00468562741905032,1.0108474675896382,0.9713277345602593
ry,5,45,36,7.898452124884433e-05,6.776878632386953e-05,6.835217625587207e-05,0.06651228219145278,1.1655000116332959,1.1555523989926926
ry,5,46,12,8.572492527873896e-05,8.215652304767798e-05,8.26692403144371e-05,0.01846506406969972,1.0434341924254764,1.036962780263607
ry,5,46,24,6.977548167753655e-05,8.281323049889828e-05,8.569724963282624e-05,-0.07439688334916994,0.8425644218584712,0.8142091137871141
ry,5,46,36,8.183588923676736e-05,6.09801366651631e-05,6.131066308406064e-05,0.12775541251644373,1.34200895098221,1.3347741668454212
ry,6,42,12,8.43922848301764e-05,6.864336597351446e-05,6.922742266052091e-05,0.0897041738150115,1.2294310401785742,1.2190585982670668
ry,6,42,24,7.888770978994647e-05,7.172995279480419e-05,7.421402823866091e-05,0.04130880309686802,1.099787560374093,1.0629757158074713
ry,6,42,36,6.802272452689182e-05,5.686298129945624e-05,5.69584048935756e-05,0.07782439701561028,1.196256738081764,1.194252624419336
ry,6,43,12,6.371844251791846e-05,6.728631242923443e-05,6.761395754956315e-05,-0.02366157608879238,0.9469748039013388,0.9423859337210196
ry,6,43,24,5.7861679331293225e-05,7.143351774651148e-05,7.183976649928193e-05,-0.09151100338873164,0.8100074188789185,0.8054268847306397
ry,6,43,36,5.974696692288936e-05,5.7729140377146636e-05,5.825963073261674e-05,0.014920772426579632,1.0349533447503323,1.0255294476049592
ry,6,44,12,8.369874625305564e-05,6.158698797866337e-05,6.19340867726931e-05,0.13322998795890673,1.3590329548516449,1.3514164915394966
ry,6,44,24,4.866810611492627e-05,7.395424812740731e-05,7.716137351616167e-05,-0.18171867976351397,0.6580839822897199,0.6307314644254304
ry,6,44,36,5.619381884259643e-05,5.9965752669030494e-05,6.0478325439109864e-05,-0.028214742102100843,0.9370985327699878,0.9291563288929501
ry,6,45,12,7.106369105169716e-05,6.670282203094846e-05,6.69597812195893e-05,0.027503552788905594,1.0653775790584303,1.0612891762392325
ry,6,45,24,5.8249116380700606e-05,6.399114921103054e-05,6.418495960413458e-05,-0.04083056804455243,0.9102683277121054,0.9075197170794572
ry,6,45,36,6.562585452869803e-05,6.249608701199485e-05,6.257041866607039e-05,0.021222145227576483,1.0500794156296942,1.048831954904027
ry,6,46,12,6.87528979011926e-05,6.317158222993296e-05,6.333063937710636e-05,0.03676925358192129,1.088351684004758,1.0856182501458584
ry,6,46,24,5.304916815832688e-05,6.658090577633263e-05,6.753376430453944e-05,-0.0986711207643669,0.7967624882805988,0.7855206755409762
ry,6,46,36,8.722092049207905e-05,6.30998725695283e-05,6.34622001396829e-05,0.14059218353336167,1.3822677755168578,1.3743759324464364
same_scalar_rxryrz,1,42,12,0.0087223762098494,0.010825019606071051,0.0109756063204694,-0.09379387706439357,0.8057607770943512,0.794705636770358
same_scalar_rxryrz,1,42,24,0.0163204681398306,0.013289422951223638,0.013719674099016449,0.08922648842742387,1.2280795185563622,1.1895667507875132
same_scalar_rxryrz,1,42,36,0.0153750860743282,0.009021832155091433,0.00909349079264085,0.23152281267434316,1.7042088358572858,1.6907793085105336
same_scalar_rxryrz,1,43,12,0.0087223762098494,0.010825019606071073,0.010975606320469424,-0.09379387706439446,0.8057607770943497,0.7947056367703562
same_scalar_rxryrz,1,43,24,0.0163204681398306,0.01328942295122366,0.013719674099016475,0.0892264884274232,1.2280795185563604,1.189566750787511
same_scalar_rxryrz,1,43,36,0.0153750860743282,0.009021832155091461,0.009093490792640874,0.23152281267434183,1.7042088358572804,1.690779308510529
same_scalar_rxryrz,1,44,12,0.0087223762098494,0.010825019606071051,0.0109756063204694,-0.09379387706439357,0.8057607770943512,0.794705636770358
same_scalar_rxryrz,1,44,24,0.0163204681398306,0.01328942295122366,0.013719674099016475,0.0892264884274232,1.2280795185563604,1.189566750787511
same_scalar_rxryrz,1,44,36,0.0153750860743282,0.009021832155091452,0.009093490792640876,0.23152281267434227,1.7042088358572822,1.6907793085105287
same_scalar_rxryrz,1,45,12,0.0087223762098494,0.010825019606071051,0.0109756063204694,-0.09379387706439357,0.8057607770943512,0.794705636770358
same_scalar_rxryrz,1,45,24,0.0163204681398306,0.01328942295122362,0.013719674099016425,0.08922648842742453,1.2280795185563642,1.1895667507875154
same_scalar_rxryrz,1,45,36,0.0153750860743282,0.009021832155091433,0.00909349079264085,0.23152281267434316,1.7042088358572858,1.6907793085105336
same_scalar_rxryrz,1,46,12,0.0087223762098494,0.010825019606071051,0.0109756063204694,-0.09379387706439357,0.8057607770943512,0.794705636770358
same_scalar_rxryrz,1,46,24,0.0163204681398306,0.013289422951223638,0.013719674099016449,0.08922648842742387,1.2280795185563622,1.1895667507875132
same_scalar_rxryrz,1,46,36,0.0153750860743282,0.009021832155091433,0.00909349079264085,0.23152281267434316,1.7042088358572858,1.6907793085105336
same_scalar_rxryrz,2,42,12,0.0010140881736537,0.0005777277575378086,0.0006623594663771001,0.24435248380405428,1.7553045710934787,1.5310239003610022
same_scalar_rxryrz,2,42,24,0.0012008963199005,0.0008462752260966434,0.001100310872504575,0.15199388644576484,1.419037545786977,1.091415480760422
same_scalar_rxryrz,2,42,36,0.0004936879402391,0.0006608227386857172,0.000690195461781125,-0.1266324600490556,0.7470807394142877,0.7152871433913579
same_scalar_rxryrz,2,43,12,0.0009297497909559,0.0005196027385000702,0.0005916406656145,0.2526946580838554,1.7893473649499918,1.571477156645795
same_scalar_rxryrz,2,43,24,0.0007966993189231,0.0006281062828641327,0.0008485497209290249,0.10326130828290658,1.2684148219154747,0.938895269508595
same_scalar_rxryrz,2,43,36,0.0004267229696286,0.0005137141930784277,0.000537694429675975,-0.08057554405629919,0.8306622152513762,0.7936161248420435
same_scalar_rxryrz,2,44,12,0.0009534375555003,0.0005684662300440898,0.0006761737378741749,0.22458758424446756,1.6772105449893686,1.410048190421911
same_scalar_rxryrz,2,44,24,0.0007137034740024,0.0006017889200481183,0.0007384579936732,0.07407362333964462,1.185969781473101,0.966478093699457
same_scalar_rxryrz,2,44,36,0.0005309568956865,0.00039091483170311,0.000401031406744725,0.1329771171625378,1.3582418793711788,1.3239783387451212
same_scalar_rxryrz,2,45,12,0.0006343914093071,0.0004895782920649278,0.000599929462319775,0.11253514037747925,1.2957915405754288,1.0574433315111236
same_scalar_rxryrz,2,45,24,0.0007778289524135,0.0005256628733695782,0.0006270146157188,0.17017679979982026,1.4797106507208686,1.2405276255351858
same_scalar_rxryrz,2,45,36,0.0007729074563086,0.000555386912634183,0.00058016458217505,0.14353185535564528,1.3916558685956852,1.3322210284036173
same_scalar_rxryrz,2,46,12,0.000988364846691,0.0004764034537736645,0.00056099171517325,0.31694238907376393,2.074638290008208,1.7618171890217043
same_scalar_rxryrz,2,46,24,0.0008094627758083,0.0007882591346300736,0.0009693526975821,0.011527869746058794,1.0268993282116254,0.8350549576303645
same_scalar_rxryrz,2,46,36,0.0003813555429056,0.0005869112777531977,0.000594086373844325,-0.18724239161924006,0.6497669364362834,0.6419193566717468
same_scalar_rxryrz,3,42,12,0.0001699140690475,0.000147164435763019,0.00015535900103644885,0.062426470694812775,1.154586488009338,1.0936866735364523
same_scalar_rxryrz,3,42,24,0.0002768674764252,0.00016588779814868276,0.000171804893213125,0.22245749950801263,1.6690044687738146,1.6115226478546465
same_scalar_rxryrz,3,42,36,0.0001307248011586,0.00012203492183550273,0.000122558632687575,0.029873862594511635,1.0712081361006711,1.0666307080288835
same_scalar_rxryrz,3,43,12,0.0001766645128257,0.00016988026232876266,0.000180214198172675,0.017006397168979337,1.0399354839928843,0.9803029651216836
same_scalar_rxryrz,3,43,24,0.0002695423191565,0.00016623483651734042,0.00017755873393915286,0.20990492010221917,1.6214550740595417,1.518045962463715
same_scalar_rxryrz,3,43,36,0.0001751115904428,0.00014051117773318433,0.000141586191787725,0.09560401855235146,1.2462466920270083,1.236784380113411
same_scalar_rxryrz,3,44,12,0.0001289269742175,0.00014761045952497835,0.00015758542493010002,-0.058773341894509556,0.873427090684473,0.8181402199771203
same_scalar_rxryrz,3,44,24,0.0001831182942045,0.00015728121362634922,0.00017408948508688908,0.06605488247689095,1.164273151143986,1.051863035341305
same_scalar_rxryrz,3,44,36,0.0001044050709472,0.0001231117233488272,0.00012763995367013996,-0.07157781788391882,0.8480514130354312,0.817965440641056
same_scalar_rxryrz,3,45,12,0.0001788552019347,0.00015533881938163203,0.00016394335256477498,0.06122157588468413,1.1513876740320363,1.0909573284713283
same_scalar_rxryrz,3,45,24,0.0002324571222296,0.00021468551469135762,0.00024399048868627499,0.034540114415231304,1.0827797234657015,0.9527302620738438
same_scalar_rxryrz,3,45,36,0.0002122218706971,0.00014623055159325966,0.00015534276297142943,0.16175202025100077,1.451282706553656,1.3661522856789392
same_scalar_rxryrz,3,46,12,0.0001831732134705,0.00016678709953944388,0.000170974527049375,0.040699508179316446,1.0982456915211294,1.071347975816317
same_scalar_rxryrz,3,46,24,0.0002809796410788,0.00021671619178410248,0.00023541356225224998,0.11278349289043454,1.2965327545009562,1.1935575775270124
same_scalar_rxryrz,3,46,36,0.0001594666103971,0.00015702372717953675,0.0001690629067804326,0.006704481277414409,1.01555741454774,0.9432383095376704
same_scalar_rxryrz,4,42,12,0.0001159526071163,8.514332223097413e-05,8.602982240708475e-05,0.13412992587387107,1.3618520405129066,1.347818743221665
same_scalar_rxryrz,4,42,24,0.0001289615026945,9.030436554742529e-05,9.129649079374698e-05,0.15475133926439666,1.4280760615805783,1.4125570607729507
same_scalar_rxryrz,4,42,36,8.276978523695565e-05,7.364332607479569e-05,7.372496053665392e-05,0.050738433303207486,1.1239278512881217,1.1226833440732045
same_scalar_rxryrz,4,43,12,0.0001057489037751,7.957377795548579e-05,8.049183382442015e-05,0.12350589632323805,1.3289415997598701,1.3137842530184372
same_scalar_rxryrz,4,43,24,9.39355013768696e-05,8.634334075920748e-05,8.790078788245799e-05,0.03660090956258433,1.0879298918817026,1.0686536905958262
same_scalar_rxryrz,4,43,36,7.573202049510892e-05,6.795537125922025e-05,6.825793177476621e-05,0.0470557542669372,1.1144375947299912,1.1094977319999277
same_scalar_rxryrz,4,44,12,7.407910020853259e-05,7.644254703473268e-05,7.661573831483104e-05,-0.013639450531933939,0.9690820502733086,0.9668914225446104
same_scalar_rxryrz,4,44,24,0.0001118295951842,8.966437207376833e-05,9.10651897476728e-05,0.09593684134994351,1.247202122736063,1.2280169348360452
same_scalar_rxryrz,4,44,36,8.18438059874657e-05,7.783622673135571e-05,7.871195544086913e-05,0.02180404272981118,1.051487326973618,1.0397887529163128
same_scalar_rxryrz,4,45,12,9.500541801364204e-05,8.096002004280823e-05,8.332531393526272e-05,0.06947776613344026,1.1734856039240997,1.1401747383448666
same_scalar_rxryrz,4,45,24,0.0001168712208139,9.279451355063929e-05,9.39827890627895e-05,0.10018528117937597,1.2594626162905813,1.2435385455077188
same_scalar_rxryrz,4,45,36,7.765282435200602e-05,7.527262748189798e-05,7.638957681058115e-05,0.013520180434647422,1.0316210148327891,1.0165369098006298
same_scalar_rxryrz,4,46,12,9.807424675498668e-05,7.899453104265586e-05,8.033063600468175e-05,0.09395795606686264,1.2415321093814462,1.2208822391157317
same_scalar_rxryrz,4,46,24,0.0001013481142707,7.768935585790581e-05,7.840678541544445e-05,0.11545415180504426,1.304530242934002,1.2925936669090454
same_scalar_rxryrz,4,46,36,6.52989694583453e-05,7.07658488757839e-05,7.119725158111528e-05,-0.03491739330298138,0.9227469251865447,0.9171557610471798
same_scalar_rxryrz,5,42,12,6.534132545797989e-05,7.27277730982631e-05,7.371036849956128e-05,-0.046512349859949786,0.8984370437095155,0.8864604368158706
same_scalar_rxryrz,5,42,24,7.826999656726361e-05,7.3726221488232e-05,7.495756097051633e-05,0.025973338144319236,1.0616303804441791,1.0441908134931204
same_scalar_rxryrz,5,42,36,7.418081606485257e-05,6.496715214651375e-05,6.529103061417613e-05,0.057597776941205936,1.1418203448037896,1.1361563045804681
same_scalar_rxryrz,5,43,12,7.936344926591278e-05,7.229657701267778e-05,7.257007673199319e-05,0.0405027992351199,1.097748365762819,1.0936112078123885
same_scalar_rxryrz,5,43,24,7.131923738683474e-05,6.819884788704841e-05,6.867919076370457e-05,0.019429652646290485,1.045754284661147,1.0384402698076836
same_scalar_rxryrz,5,43,36,6.30046617525146e-05,5.850264351090923e-05,5.8840685765195076e-05,0.03219719371660368,1.0769540993607545,1.0707669520361465
same_scalar_rxryrz,5,44,12,7.305033946383883e-05,6.548288490112672e-05,6.60164436903157e-05,0.04749443408114207,1.1155638541908828,1.1065476323826116
same_scalar_rxryrz,5,44,24,6.708577396471464e-05,6.612255328617469e-05,6.648430863285583e-05,0.006280819303857044,1.014567203331837,1.0090467261257128
same_scalar_rxryrz,5,44,36,6.46523432165736e-05,6.212018740968579e-05,6.257786694381682e-05,0.017351512505751288,1.0407622048882132,1.0331503193392526
same_scalar_rxryrz,5,45,12,5.905548804117538e-05,6.733719918865114e-05,6.748235399775749e-05,-0.05699478554214554,0.8770113511214833,0.8751248962526983
same_scalar_rxryrz,5,45,24,6.346132061187041e-05,6.672824649818649e-05,6.684931040526587e-05,-0.021800607098025004,0.9510413347006673,0.9493190016044116
same_scalar_rxryrz,5,45,36,6.890723552829698e-05,5.636719337804964e-05,5.6475477823048385e-05,0.08723841584480319,1.2224705790501642,1.2201266493786977
same_scalar_rxryrz,5,46,12,6.179606208207885e-05,7.61079113724459e-05,7.648648843307931e-05,-0.0904690029633981,0.8119531986585495,0.8079343600163624
same_scalar_rxryrz,5,46,24,6.025203497688889e-05,6.868600428056459e-05,6.959675759759507e-05,-0.05689653305747022,0.8772097839725093,0.8657304888435049
same_scalar_rxryrz,5,46,36,5.4874610528459016e-05,7.372541920105571e-05,7.4075053786899e-05,-0.12824579975539407,0.7443105935933858,0.7407974442559797
same_scalar_rxryrz,6,42,12,6.309633286203375e-05,6.75961206345002e-05,6.842312707435751e-05,-0.02991765341525454,0.9334312719394452,0.9221492141606599
same_scalar_rxryrz,6,42,24,5.902009915880821e-05,5.777225904133288e-05,5.812567257300835e-05,0.009280584931131486,1.0215992958935973,1.0153878062172343
same_scalar_rxryrz,6,42,36,7.95016580153972e-05,5.809387931246138e-05,5.812369241644883e-05,0.13624580784894214,1.368503170321829,1.3678012306200023
same_scalar_rxryrz,6,43,12,6.045996961750839e-05,6.918216000602043e-05,6.928548202423681e-05,-0.058526192837106805,0.8739242835471883,0.8726210434151104
same_scalar_rxryrz,6,43,24,7.58362690097195e-05,5.860569126127639e-05,5.902266100128956e-05,0.11193716558281874,1.2940086086797544,1.2848669938494062
same_scalar_rxryrz,6,43,36,6.13686291346208e-05,6.551358974147216e-05,6.606309538833511e-05,-0.028384974717817535,0.9367312854751504,0.9289396564584343
same_scalar_rxryrz,6,44,12,7.14393029914483e-05,6.715525534332852e-05,6.72895733042854e-05,0.02685720388715751,1.0637931853019966,1.061669728063183
same_scalar_rxryrz,6,44,24,5.772062108931032e-05,5.617984329219196e-05,5.628955496513517e-05,0.011750472123171818,1.0274258115869914,1.0254232978935707
same_scalar_rxryrz,6,44,36,6.309914481197e-05,6.0194600092796086e-05,6.0656055482717335e-05,0.02046593972216293,1.0482525793791504,1.040277748195294
same_scalar_rxryrz,6,45,12,6.404009541866343e-05,6.506638100742329e-05,6.521957230386181e-05,-0.0069046816042002135,0.9842270989584805,0.9819152925489432
same_scalar_rxryrz,6,45,24,5.301283127767448e-05,5.441879721498165e-05,5.468857388373665e-05,-0.011367939220990664,0.9741639652241311,0.969358451189006
same_scalar_rxryrz,6,45,36,6.532795376863924e-05,5.703531263790071e-05,5.757451847054151e-05,0.058955228770879664,1.145394857101703,1.1346678270885555
same_scalar_rxryrz,6,46,12,5.311324756304615e-05,6.356295392497592e-05,6.409507128764292e-05,-0.07800121493750112,0.8356006806375985,0.8286635227330813
same_scalar_rxryrz,6,46,24,6.148314671861879e-05,6.274425667307032e-05,6.278934040676984e-05,-0.00881789194267224,0.9799007905851429,0.9791972064097328
same_scalar_rxryrz,6,46,36,5.558059119980608e-05,6.216175629650804e-05,6.260988959557126e-05,-0.048600114399683925,0.8941283919760864,0.8877286249637086
seasonal_meridian,1,42,12,0.1539893565373722,0.015848835758892735,0.0373880462052284,0.9874933393871173,9.716130501949912,4.118678887152924
seasonal_meridian,1,42,24,0.2157248354878999,0.019031412163381806,0.04299160971174715,1.0544291315905348,11.335198546273642,5.017835734328288
seasonal_meridian,1,42,36,0.1331186143322176,0.011562194134865212,0.029390063256487825,1.0611985311650793,11.51326580227581,4.529374883289229
seasonal_meridian,1,43,12,0.1539893565373721,0.015848835758892704,0.03738804620522827,0.9874933393871178,9.716130501949925,4.118678887152935
seasonal_meridian,1,43,24,0.215724835487899,0.019031412163381806,0.04299160971174709,1.054429131590533,11.335198546273595,5.017835734328274
seasonal_meridian,1,43,36,0.1331186143322174,0.011562194134865212,0.029390063256487773,1.0611985311650787,11.513265802275793,4.52937488328923
seasonal_meridian,1,44,12,0.1539893565373721,0.01584883575889272,0.03738804620522838,0.9874933393871174,9.716130501949916,4.118678887152924
seasonal_meridian,1,44,24,0.2157248354878991,0.019031412163381806,0.04299160971174712,1.054429131590533,11.335198546273595,5.017835734328273
seasonal_meridian,1,44,36,0.1331186143322177,0.011562194134865212,0.029390063256487825,1.0611985311650796,11.513265802275816,4.529374883289232
seasonal_meridian,1,45,12,0.153989356537372,0.015848835758892607,0.03738804620522827,0.9874933393871201,9.716130501949978,4.1186788871529325
seasonal_meridian,1,45,24,0.2157248354878992,0.019031412163381806,0.04299160971174709,1.0544291315905332,11.3351985462736,5.017835734328278
seasonal_meridian,1,45,36,0.1331186143322174,0.011562194134865212,0.029390063256487825,1.0611985311650787,11.513265802275793,4.529374883289222
seasonal_meridian,1,46,12,0.1539893565373718,0.015848835758892614,0.0373880462052283,0.9874933393871195,9.716130501949962,4.1186788871529245
seasonal_meridian,1,46,24,0.2157248354878994,0.019031412163381806,0.04299160971174708,1.0544291315905336,11.335198546273613,5.017835734328284
seasonal_meridian,1,46,36,0.1331186143322176,0.011562194134865212,0.029390063256487773,1.0611985311650793,11.51326580227581,4.529374883289237
seasonal_meridian,2,42,12,0.0305106913101051,0.0014933260497829305,0.005003164672293675,1.3102974069268718,20.431366153788137,6.0982784514501365
seasonal_meridian,2,42,24,0.0596343435093145,0.0017112636220820957,0.006116828018390975,1.5421795243941356,34.84813370645801,9.749226777345498
seasonal_meridian,2,42,36,0.0219115146657338,0.0010473578190278376,0.002935087166618475,1.3205773205713005,20.92075341173484,7.465371016894923
seasonal_meridian,2,43,12,0.0293263566609685,0.0014170860559045988,0.004579388682450725,1.3158618874575743,20.694831156353438,6.403989417485761
seasonal_meridian,2,43,24,0.0612396650892863,0.0018007084607174581,0.0058940936833132,1.5315894018111362,34.00865072010963,10.390005381601288
seasonal_meridian,2,43,36,0.0223527341277254,0.0009801639933580879,0.002374857201630725,1.358031907956241,22.805096166758663,9.412243444522314
seasonal_meridian,2,44,12,0.0274664448442358,0.0012758446988892697,0.0049171128662257,1.3330046360993606,21.52804715820636,5.585888628446029
seasonal_meridian,2,44,24,0.0580119529033682,0.001551520609897229,0.005100003517663074,1.57275993673494,37.39038497671702,11.374884880461897
seasonal_meridian,2,44,36,0.0194771426167753,0.0008819392890270653,0.0028302159534387998,1.3440865541091362,22.084448282445862,6.881857404948188
seasonal_meridian,2,45,12,0.0309976838981556,0.0016434104628864422,0.005464205364078525,1.275583197582373,18.861802695178234,5.672862169846906
seasonal_meridian,2,45,24,0.0613541854732677,0.0018829370245281051,0.0061802440119301996,1.5130083997374562,32.58430031065115,9.927469749548886
seasonal_meridian,2,45,36,0.021981952460901,0.00102380564037144,0.0031614771871189998,1.3318487464633748,21.47082570567386,6.953063760973325
seasonal_meridian,2,46,12,0.0295303047389298,0.0016010658023277143,0.0044565413150599005,1.2658587473153509,18.444154322699962,6.6262831759550025
seasonal_meridian,2,46,24,0.0621518127601386,0.0014409924854323988,0.0053408189113964746,1.6347920840404035,43.131253902055356,11.637131644272065
seasonal_meridian,2,46,36,0.0215012848430328,0.0010147737912308981,0.00255930566889835,1.3260951705570223,21.188254001862045,8.401217996085634
seasonal_meridian,3,42,12,0.0083141414676896,0.0005160423662176164,0.0010704044387429249,1.2071320519445066,16.111354439033605,7.767289789505793
seasonal_meridian,3,42,24,0.0239373208897751,0.00060726404668016,0.00154230293363625,1.5956979724318177,39.418307440787196,15.52050532208913
seasonal_meridian,3,42,36,0.0050497032487011,0.0003771621481507282,0.0006438866054433,1.126737756457589,13.388679838261636,7.842535014724377
seasonal_meridian,3,43,12,0.0098066279808195,0.0004091487461842476,0.0009822759333744146,1.379638475800518,23.968368648998347,9.983577574919067
seasonal_meridian,3,43,24,0.0213969585073853,0.0005240191026881935,0.0016381089428032483,1.6110049253789773,40.83240171516629,13.061987483426655
seasonal_meridian,3,43,36,0.0053367552245735,0.0002535650147709254,0.00043625014818885946,1.323187951671418,21.046890989258937,12.233245642963393
seasonal_meridian,3,44,12,0.0069626057097547,0.00046785530675176276,0.0011206159753701546,1.1726602419859216,14.881963738094253,6.213195120170277
seasonal_meridian,3,44,24,0.0216368518658896,0.0004721414332868619,0.0016321868929367325,1.6611219576527123,45.82705592106669,13.25635682992113
seasonal_meridian,3,44,36,0.0034045671505686,0.00031466240575523725,0.0005886879104042416,1.0342170457380342,10.81974550597211,5.783314198232377
seasonal_meridian,3,45,12,0.0076847857216643,0.0003906058416987058,0.000984443521557596,1.2938930282924823,19.67401636453755,7.806223062451931
seasonal_meridian,3,45,24,0.0215741771193258,0.0004324805247221602,0.001154546632505524,1.6979676845970373,49.8847367362629,18.686276077482365
seasonal_meridian,3,45,36,0.0038469796319593,0.0002251384220422744,0.00036729533047589655,1.2326702690514475,17.0871750679542,10.473804899656232
seasonal_meridian,3,46,12,0.0076252624060878,0.000499918755032876,0.0011024019250392401,1.1833553634139866,15.253003271674297,6.9169530938694415
seasonal_meridian,3,46,24,0.0212932062538486,0.0006247498907077216,0.0016295028815082,1.53253487202777,34.08276907376085,13.067301994667536
seasonal_meridian,3,46,36,0.0035689243659284,0.0003136679553737642,0.0005424114743862999,1.056067191297616,11.37803305943605,6.579736112637337
seasonal_meridian,4,42,12,0.0027230189417774,0.00018751464425299254,0.0002733427193664625,1.1620154720725884,14.521633510946135,9.961922337235292
seasonal_meridian,4,42,24,0.0084184674678615,0.00027239734444041343,0.0005190627847723152,1.490030168565374,30.905101094709924,16.218591882972746
seasonal_meridian,4,42,36,0.0011798930657842,0.00014135671447352316,0.00017266996592008453,0.9215262063997516,8.346919141256643,6.833226956969925
seasonal_meridian,4,43,12,0.0025120194193191,0.000187611327834111,0.0002778361159868909,1.1267639352016725,13.389486915951412,9.041371062924103
seasonal_meridian,4,43,24,0.0084394851180056,0.00029421525606040705,0.0005790953842450244,1.4576507630737217,28.68472978258082,14.573566544669125
seasonal_meridian,4,43,36,0.0011029544876186,0.00015804834147950148,0.00018360132552889283,0.8437676492360469,6.978589444810157,6.007334012656848
seasonal_meridian,4,44,12,0.0022336984823567,0.0002170690011675829,0.0003058341274429426,1.0124267412635546,10.290269316862185,7.303627299649304
seasonal_meridian,4,44,24,0.0087698931698473,0.00030741635804790217,0.0006357364865109893,1.4552673298686871,28.52773751382728,13.794855818293048
seasonal_meridian,4,44,36,0.0013498201618356,0.0001470399133491732,0.0001782444239546563,0.9628406726609717,9.179957544113922,7.572860524259551
seasonal_meridian,4,45,12,0.0025583733529902,0.0001642517783147748,0.00021633837193610984,1.1924538427254396,15.575924834660182,11.825795535457537
seasonal_meridian,4,45,24,0.0089848438642983,0.0002483986808335005,0.0004423173489785072,1.5583612493713486,36.17106111091129,20.313116555450524
seasonal_meridian,4,45,36,0.0010705094196495,0.00012493948149375312,0.00014954795239309783,0.9328907938346873,8.568223645965945,7.158302086514611
seasonal_meridian,4,46,12,0.0023944478268585,0.00015898658617091745,0.00020658981943356047,1.1778448944619813,15.060690870388058,11.590347643575715
seasonal_meridian,4,46,24,0.0083284599443235,0.00018430893890358774,0.00033117847386706674,1.6550183025208338,45.18749873916928,25.14795073204697
seasonal_meridian,4,46,36,0.0011988796991578,0.00010795337590481265,0.0001247723395007246,1.0455393781871645,11.10553226436296,9.608537468761957
seasonal_meridian,5,42,12,0.0012133769170123,9.279626495945756e-05,0.00010124213954750761,1.1164652325134563,13.075708570193214,11.9848999876472
seasonal_meridian,5,42,24,0.003835787495523,0.0001327103636677154,0.00018950427233698094,1.4609496997642921,28.90345101553013,20.241166324219396
seasonal_meridian,5,42,36,0.0003746552477649,7.891992628070154e-05,8.240309799066092e-05,0.6764451491986234,4.747283296139052,4.546616048432563
seasonal_meridian,5,43,12,0.0010061862460427,9.102544961752639e-05,9.832381573877915e-05,1.0435155436913819,11.05390031326981,10.233392982996872
seasonal_meridian,5,43,24,0.0036160590871919,0.00013318737447125598,0.00018428953382438907,1.433772460590506,27.15016420698573,19.621619373337126
seasonal_meridian,5,43,36,0.0003011159527415,8.37021402683629e-05,8.605569793787156e-05,0.5559972014242271,3.5974701695329725,3.499082105625272
seasonal_meridian,5,44,12,0.0008076586836623,8.396056894218608e-05,9.195239666005784e-05,0.9831524939844574,9.619499889506955,8.783443531636948
seasonal_meridian,5,44,24,0.0037281634826367,0.00011558122364807302,0.00014453253302804665,1.508607660231807,32.25578831029149,25.794631869582243
seasonal_meridian,5,44,36,0.0002955590440589,6.387731439943426e-05,6.462715727647879e-05,0.6652976044668284,4.626979810245711,4.573294827041224
seasonal_meridian,5,45,12,0.0010221922060338,9.488805081885146e-05,0.00010379268060799245,1.0323210397505322,10.772612538803672,9.848403568016982
seasonal_meridian,5,45,24,0.0037973215657019,0.00011904299648701677,0.00015747011542259094,1.503773525558076,31.898739764300622,24.114553771115922
seasonal_meridian,5,45,36,0.0004283179070601,8.266651329577467e-05,8.642548746261089e-05,0.7144366113418323,5.181274617542056,4.955921217631517
seasonal_meridian,5,46,12,0.0009428917378372,9.152058822755985e-05,9.859502093290119e-05,1.0129430274285074,10.302509589347945,9.563279452812173
seasonal_meridian,5,46,24,0.0034639548093242,0.00012713493565386742,0.00017527526199453736,1.4353073100151232,27.24628593634582,19.7629418430546
seasonal_meridian,5,46,36,0.0003803656167041,7.665829761806634e-05,7.908955318881832e-05,0.6956420813517172,4.961832293735385,4.809302889801584
seasonal_meridian,6,42,12,0.0005153378119351,6.804988987368797e-05,6.897981399287223e-05,0.8792645824508876,7.572941159664672,7.470849544307999
seasonal_meridian,6,42,24,0.001479643273181,7.61955273409759e-05,7.94791843508659e-05,1.2882275449619298,19.419030549648657,18.616739530806218
seasonal_meridian,6,42,36,0.0001942984677497,5.8491347284156246e-05,5.858941327327005e-05,0.5213777507623591,3.3218326602357195,3.31627263177158
seasonal_meridian,6,43,12,0.0005413769335341,7.3367006462923e-05,7.408966581769369e-05,0.8679989485732542,7.379024436654535,7.307050552316181
seasonal_meridian,6,43,24,0.0015010508626887,9.491391489840617e-05,0.00011217377208696409,1.1990655214012857,15.81486617947845,13.38147799402691
seasonal_meridian,6,43,36,0.0001402934848985,6.687047599065823e-05,6.755447662235145e-05,0.3218030886949972,2.0979884294243525,2.0767459376938127
seasonal_meridian,6,44,12,0.0005496077106367,7.700908770335182e-05,7.756207157518615e-05,0.8535108384576402,7.136920161343221,7.086037021380071
seasonal_meridian,6,44,24,0.0016811210499109,8.820407608823876e-05,9.819121983176234e-05,1.2801103309241442,19.059448547809943,17.120889757671595
seasonal_meridian,6,44,36,0.0001478327067273,6.519883117847435e-05,6.565507649883367e-05,0.35553071845389006,2.2674134498304856,2.251656910793885
seasonal_meridian,6,45,12,0.0003707471075013,7.472641966377735e-05,7.556604938315485e-05,0.6956035968486778,4.961392626188069,4.906265585242396
seasonal_meridian,6,45,24,0.0016185069076903,8.900091214313936e-05,9.416852780815738e-05,1.2597200996662248,18.185284495593372,17.18734427905218
seasonal_meridian,6,45,36,0.0001575326936303,7.114300148046893e-05,7.161031620372583e-05,0.3452385151536075,2.2143104782210785,2.199860327136828
seasonal_meridian,6,46,12,0.0004295258440752,6.731205594138853e-05,6.980229381840332e-05,0.8048964443475759,6.381113131490242,6.153463168311467
seasonal_meridian,6,46,24,0.0016492894908696,0.00010036748009049439,0.00010989606155325005,1.215703871170442,16.432508710815004,15.00772154669472
seasonal_meridian,6,46,36,9.680757021590716e-05,6.239786770369529e-05,6.260607567451212e-05,0.1907395708824895,1.551456384304846,1.5462967319531096
